Line	Singular	Plural	Count
9	polyˈzeːm	ˈpoːlyzəmə	1
10	liˈnoːlʃnɪt	ˈliːnɔlstsnɪtə	1
11	ʁʏkˌmɛldʊŋ	ɾʏkmɛldʊŋən	1
12	ˌʁaɪzə	ɾaezən	1
13	ʊnˌtiːfə	ʔʊnˌtiːfən	1
14	ˈɡeːɡnˌɡɪft	gəgəˈŋɪftə	1
15	kolʊmˈnɪstɪ	ˈkoːlʊmnɪstɪnnə	1
16	faːbə	ɾfaɾbən	1
17	eˈmiː	əmiːən	1
18	ˈɪn.fan.təˌʁiː	ʔɪnˈfɑntɐiːən	1
19	ʁaˈdiːɐˌɡʊmi	ˈɾɑːdiːɾgʊmmis	1
20	ʃpats	ˈʃpɛtsə	1
21	kɔntsɛɾtzɑal	ˈkɔntsɛɾtzɛlə	1
22	ˈaɪɡəntuːm	əɪgəntuːmə	1
23	əʀɪ	eɾɪnnə	1
24	ʊm	n	1
25	ˌhʊʁiˈkaːn	hʊɾɾiˈkanə	1
26	ʀɛnˈoːf	rɛnnøfə	1
27	neˈbɛntoːn	ˈneːbɛntønə	1
28	sloˈvaːkɪʃ	ˈsloːvɑkɪʃə	1
29	ananasˌzaft	ʔanˈʔanˌʔaszɛftə	1
30	veːɐ	ˈveɾə	1
31	fluːχ	ˈflʏçə	1
32	axə	ɑçɘn	85
33	ɔkˈtoːbɐˌfɛst	ˈʔɔktobɛɾfɛstə	1
34	ʃlappstsˈvants	ˈʃlappstsvɛntsə	1
35	ʃvɛntsɛlˈtants	ˈʃvɛntsɛltɛntsə	1
36	ˌksyloˈfoːn	ksyloˈfoːnə	1
37	ɪltɪs	ʔɪltɪszə	1
38	ˌtsi(ː).gaˈʁɛ.tə	ˈtsɪgaɽkɛtən	2
39	o	i	7
40	əmiːtɪ	ˈʔeːmitɪnnə	1
41	ˈyːbəlkaɪt	ʔybɛlˈkəiːtən	1
42	ɪçnʊŋ	eçnʊŋən	1
43	byˈfkɛt	ˈbyːfɛtts	1
44	pfuːl	ˈpfulə	1
45	ˈakuzatiːf	ʔakuzɑˈtiːfə	1
46	pɔɾ	ʔeːkseku	1
47	t	de	3
48	at	ɛtɐ	47
49		də	3
50	ˌɡynekoˈloːɡɪ	ˈgyːnɛkologɪnnə	1
51	sloˈvaːkə	ˈsloːvɑkən	1
52	aːndʊŋ	ʔɑndʊŋən	1
53	akst	ˈʔɛkste	1
54	aʊsʃtɛlʊŋ	ʔaosˌʃtɛllʊŋən	1
55	vaesbaɾt	ʔɑːmaezɛnvʏɾgɐ	1
56	neɾɑlatmiˈɾal	ˈneːɾɑlatmiɾɛlə	1
57	ʃtaɪn	ˈʃtəɪnə	1
58	haʊs	ˈhɔʏzɐ	1
59	aːs	ˈʔɛːzeɾ	1
60	ʀɔɪtsfaːɐt	ɾɔøtsfɑɾtən	2
61	ˈmoːp	mɔps	1
62	ˈhɔltsʃaɪt	hɔltszxəiːtə	1
63	ɐˈmɛsənhaɪt	ːɐmɛszɛnˈəiːtən	1
64	ʀɛknfɛɐlaʊf	ɾɛkɛnvɛɾlɔøfə	1
65	zɛɾvɐ	tsuːˌgɾɪff	1
66	ɑ	ɛ	105
67	uːˌk	yːgə	1
68	amˈfiːbiə	ʔamfiˈbiːən	1
69	jemeˈniːtɪ	ˈjeːmenitɪnnə	1
70	ɐˈdʀeːʊŋ	ːɐˈdɾeːʊŋən	1
71	tuːχ	ˈtʏçɐ	1
72	ʃtaɪn	ˌʃtaɪnə	1
73	ˈʃʊtspolitsae	ʃʊtspoliˈtsəiːən	1
74	ʃnɪt	ˈʃnɪtə	1
75	ˈʔalkɑli	ʔalˈkaliːən	1
76	apˈχaːzɪʃ	ˈʔapˌçɑːzɪʃə	1
77	ba(ːɐ)ʃaft	ˌbaɾstshaftən	2
78	aʊfˌʁyːʁɐʁɪ	ʔaofˌɾyɾeɾɪnnə	1
79	ɐvʊʁst	ɛɾvʏɾstə	1
80	daˈmpf	ˈdɛmpfə	1
81	ˌɔfənˈbaːʀʊŋ	ʔɔffɛnˈbaɽʊŋən	1
82	ɡəˈzamtˌkʊnst.vɛʁk	gəˈzamtkʊnstvɛɾkə	1
83	ʊlst	ʏlstə	7
84	ˈtiːtelae	titeˈləiːən	1
85	ʔappaɾˈtəmɛnt	ˈʔappaɾtemɛnts	1
86	ɡaːbəl	gɑːbɛln	1
87	ɪnˌleːzə	enləsən	1
88	akadeˈmiː	ʔɑkɑˈdəmiːən	1
89	pˈluːɐalətantuːm	ˈpluːɾɑletantɑ	1
90	fɛɐˈtʁaːk	vɛɾtɾɛgə	1
91	ˌ(ʔ)aːbənt	nɑbɛndə	2
92	oːf	øːfə	1
93	ʊx	ʏçə	57
94	ːthɛrpst	tɛɾbstə	1
95	ɡeˌʁɔntokʁaˈtiː	gəɾɔntɔkɾɑˈtiːən	1
96	ˌaʊtoˈmaːt	ˈaotomɑtən	1
97	aːkɔpsˌmʊʃl	ɑːkɔpsmʊʃɛln	1
98	pɛɾlɛnmantel	ʔɑːmaezɛnvʏɾgɐ	1
99	aens	ʔaenˌzən	1
100	ɪdɪ	edɪnnə	1
101		n	1
102		n	3820
103	baopˈlan	ˈbaoplɛnə	1
104	oːk	øːgə	1
105	zaʊ	ˈzaoən	1
106	aɪɡə	əɪgən	1
107	ɡəˈbeːt	gəbəˈtə	1
108	ˈɡeːbənhaɪt	gəbənˈhəiːtən	1
109	pfeːɐt	ˈpfeːɐdə	1
110	ɐ	ɛɾs	1
111	ɡəˈʃlɛçtsfɛɐˌkeːɐ	gəˈʃlɛçtsvɛɾkeɾə	1
112	ˌman	mɛnnɐ	1
113	apˌfɛʁtiɡʊŋ	ʔapˌfɛɾtɪgʊŋən	1
114	bʁaʊt	ˈbrɔøtə	1
115	ʁɪnˈtsiːp	ʀɪnˈtsiːpiən	1
116	aˈviːɐ	ɑˈviːɾe	1
117	kʁaʊt	ˈkɾɔøtɐ	1
118	ɐstˌpʀi:mas	ɾstpɾimɑtən	1
119	patʀoˈnyːm	ˈpatɾonymə	1
120	ʁtsə	ɾtsən	3
121	filoˈloːɡɪ	ˈfiːlologɪnnə	1
122	toːn	ˈtoːnə	1
123	aːʁəʁɪ	ɑːɾeɾɪnnə	1
124	fɪlts	ˈfɪltsə	1
125	aʁʃˌkʀiːçɐˈʀaɪ	ʔaɾstskɾiːçɐəiːən	1
126	ːnʊŋ	nʊŋən	1
127	ʁoːtʊm	ɾoːtɑ	1
128	ʃvan(t)s	ˈʃvɛntsə	2
129	.sə	sən	3
130	ʀomoˈtsioː	ɾomoˈtsĭoːnə	1
131	ɪzə	ezən	3
132	k	gə	243
133	baˈneːzə	ˈbanəsən	1
134	ʀɛŋˌʃtɔf	ɾɛŋstɔffə	1
135	ʀenʃlʊs	rɛnnstslʏszə	1
136	ˌɛndoˌkʁinoˈloːɡə	ˈʔɛndɔkɾinologən	1
137	uːsbalʃpiːl	ʊsballspiːlə	1
138	ʁaʊkə	ɾaokən	1
139	aˈzyːlˌʁɛçt	ˈʔɑːzʏlɾɛçtə	1
140	ʁɪçtɛʁˌʃtatəʁɪ	ɾɪçtɛɾstateɾɪnnə	1
141	atuˈlɛnts	ɑtuˈlentsən	1
142	veːɐ	ˈveːʀən	1
143	ʃtɛʁnvɪnt	ˈʃtɛɾnvɪndə	1
144	kaʁˈtɔfəl	ˈkaɾtɔffɛln	1
145	haosˈbaɽ	ˈhaosbaɾs	1
146	ɾɔʧˈvants	ˈɾɔʧvɛntsə	1
147	ʁdə	ɾdən	4
148	aːnyːbɐgaŋ	ɑnybɛɾgɛŋə	1
149	paˈkeːt	ˈpɑːkətə	1
150	ʊmʃlaːk	ˈʊmʃlɛːɡə	1
151	fɪʃ	ˌfɪʃə	1
152	loːs	ˈloːze	1
153	lˌʃtaɪn	ɛlstəɪnə	1
154	ˈtiːtɪs	tiˈtiːdn	1
155	aːʀa	ʔɑːɾɑs	1
156	ˈɾaŋelae	ɾaŋeˈləiːən	1
157	ˈnaːtsi	jaɾˈgoːn	1
158	fɪk	ˈfɪks	1
159	is	ɪszə	4
160	ʁnɪʃ	ɾnɪʃə	1
161	meˈtafɐ	ˈmeːtafɛɾn	1
162	kaˈnaːdiɐʁɪ	ˈkɑːnɑdiːɾɪnnə	1
163	ˈbɛkɐae	bɛkɐəiːən	1
164	ˈzɑːlɑt	zaˈlaːtə	1
165	da	ˌdən	1
166	val	ˈvɛlə	1
167	vak	ʔavkɑ	1
168	aɪnˌɡaːbə	ʔaenˌgɑːbən	1
169	finanˈtsiːɐ	ˈfiːnantsiːɾs	1
170	taedigʊŋsˈmɪnɪstɐɪ	ˈtaedigʊŋsminɪsteɾɪnnə	1
171	leˈʁast	ːlɐastən	1
172	muˈziːk	ˈmuːzikən	1
173	ə	ɘn	26
174	põˈpõː	ˈpɔmpɔns	1
175	abʁʊχ	ʔapˌbrʏçə	1
176	iˈkoːnə	ʔiˈkoːnən	1
177	liːt	ˈliːdɐ	1
178	ɑːt	ats	4
179	nəʀɪ	lneɾɪnnə	1
180	aɪ	əiːən	3
181	depaɾtˈmɛnt	ˈdeːpaɾtmɛnts	1
182	ʀyːʀʊŋ	ɾyɾʊŋən	1
183	ʊsɡaŋ	osˌgɛŋə	1
184	əsˌʃtʁaːfə	ɛsstɾɑfən	1
185	ʁaɪdə	ɾaedən	1
186	ʃvaeneˈfiːlət	ˈʃvaenefilɛts	1
187	ʊmə	omən	1
188	kuː	ˈkyːə	1
189	əməsənɐɪ	ˈʔeːmezeneɾɪnnə	1
190	ˌtɾaebʊŋsbefʏɾvɔɾtɐ	tɾaebʊŋsbefʏɾvɔɾteɾɑbɔɾˈtsĭoːn	1
191	ʃtɑˈtɪstɪ	ˈʃtɑːtɪstɪnnə	2
192	ˈʔuːɾin	uːɐɪnə	1
193	ot	øtə	3
194	poliˈmeːʁ	ˈpoːlymɐə	1
195	ɡʀaɪfəʀɪ	ˌgɾaefeɾɪnnə	1
196	vɔʁt	ˈvɔɾtə	1
197	ap	ʔɛppe	1
198	ʰiːfʃʊts	iːfˌʃʊtsə	1
199	χtiːnst	xˌtdiːnstə	1
200	ːnənˌkʀaʊt	nɛŋkɾɔøtɐ	1
201	ˈgɾʏndʊŋspɾivilek	gɾʏndʊŋspɾivileˈgiːən	1
202	aox	ɔøçə	16
203	baŋk	ˈbɛŋkə	1
204	jaɾˈgoːn	ˈjaɾgɔns	1
205	ɐˈleːbnɪs	ːɐˈlɛbnɪszə	1
206		əs	4
207	kap	ˈkaps	1
208	ɛʁçə	ɐçɘn	1
209	fʁʊxt	ˈfʀʏçtə	1
210	alx	ɛlçə	1
211	vaesbʊx	ʃʊlbʏçɐ	1
212	ɾaxə	ʀaːχn	1
213	ˈʃtuːkɑ	tablkɛtə	1
214	ˈɡeːnɪtiːf	gəˈniːtiːfə	1
215	ˈtɾɪŋkɐae	tɾɪŋkɐəiːən	1
216	ˈbael	bəˈʔyːlə	1
217	ʊʃpiːl	ospiːlə	1
218	tɛɾɾoˈɾɪstɪ	ˈtɛɾɾoɾɪstɪnnə	1
219	fal	ˈfɛlə	1
220	ʁaʊmˌʃɪf	ɾaomzxɪffə	1
221	briːfˈka	ˈbriːfkɛ	1
222	jaːʀəsˌtsaɪtʀaʊm	ˌjɑɾɛstsaetɾɔømə	1
223	lˌʃtʏk	ɛlstʏkə	1
224	ɑːzɐ	aːzɐn	1
225	ʔɑˈgɛntɪ	ˈʔɑːgɛntɪnnə	1
226	ʃvaːn	ˈʃvɛːnə	1
227	ɐ	ɾə	1
228	ɐˌhaːn	zɛɾɛnə	1
229	liːliːŋkɾɔøts	ɾaotɛŋkɾɔøtsə	1
230	ɡʀeːtçnˌfʀaːɡə	gɾɛtçɛnfɾɑgən	1
231	oːntˌzɪçl	ɔntzɪçɛln	1
232	dam	ˈdɛmmə	1
233	ɡnu	ˈgnuːs	1
234	apʃtʊʁts	ʔapˌʃtʏɾtsə	1
235	ʁbʃtɪft	ɾbstɪftə	1
236	ˈdɛŋkˌmaːl	dɛŋkˈmalə	1
237	ɔkˈsiːt	ˈʔoːksidə	1
238	pfɛɾdɛʃˈvants	ˈpfɛɾdɛʃvɛntsə	1
239	ʁɛtʃam	ɾɛʧɑmə	1
240	oːn	ɔns	1
241	ʊphɔlts	opœltsɐ	1
242	ɡəˈbɛːɐˌmʊ	gəˈbɛɾmʏ	1
243	aːɡəsˌɔʁtnʊŋ	ɑːgezɔɾdnʊŋən	1
244		zə	43
245	zeˈnaːt	ˈzeːnɑtə	1
246	ˈliːbelae	liːbeˈləiːən	1
247	ɪtˌpʊŋkt	etpʊŋktə	1
248	kampfvɛɾbant	tɾʊppɛnvɛɾbɛndə	1
249	ʊntɐˈʃlaːɡʊŋ	ˈʔʊnˌtɛɾstslɑgʊŋən	1
250	teɾɔffiˈtsiːɐɪ	ˌteːɾɔffitsiːɾɪnnə	1
251	kataˈloːk	ˈkɑːtɑlogə	1
252	ɪnˌlɛndəʁɪ	ʔɪnlɛndeɾɪnnə	1
253	lʊʁç	ˈlʊɾxə	1
254	vaks	ˈvaksə	1
255	elɛkˈtʀoːnənmikʀoˌskoːp	ˈʔeːlɛktɾonɛnmɪkɾɔskopə	2
256	ʊŋk	ʏŋkə	4
257	aŋkə	ʔanˌkən	3
258	katoˈliːk	ˈkatolikən	1
259	ʀɪŋkɡɛlt	ɾɪŋkgɛldɐ	1
260	ʔɛkstɛɾˈnɪstɪ	ˈʔɛkstɛɾnɪstɪnnə	1
261	sthaɪʀaːt	ztaeɾɑtən	1
262	aet	əiːtən	1
263	hɪʁn	ˈhɪɾnə	1
264	ʊs	ʏsə	3
265	ɑːge	aːɡən	2
266	ʊtʃʊk	oʧukə	1
267	ɛɐˈʔɪnəʁʊŋ	ʔɛːɐˈʔɪnnɐʊŋən	1
268	gliˈkanɐɪ	ˌgliːkɑneɾɪnnə	1
269	ˈʁʏkˌsaɪtə	ɾʏkˈzəiːtən	1
270	ʊptˌzaxə	optzɑçɘn	1
271	jaː(ɐ)	ˈjaːʀə	2
272	aːlˌtaːk	ɑltɑgə	1
273	hʊnt	ˈhʊndə	1
274	ɡaɪst	gəɪstə	1
275	eːmfal	ɛmfɛllə	1
276	kɔnˈtsɛɐt	ˈkɔntsɛɾtə	1
277	ɔɾn	œɾnɐ	27
278	kʁiːk	ˈkɾiːgə	1
279	piˈʁaːt	ˈpiːɾɑtən	1
280	ɪmˈpʊls	ˈʔɪmpʊlzə	1
281	sx	zxoɾiːntiːɾʊŋsmɛɾzçə	1
282	ɡəˈʃlɛçt	gəˈʃlɛçtə	1
283	brʊtˈka	ˈbrʊtkɛ	1
284	fɛstoːn	ˈfɛstɔns	1
285	aˈzaːn	ɑˈzanə	1
286	ˈziːɡʁɪst	zɪgɾɪstən	1
287	ˈʔɪndits	ʔɪndiˈtsiːən	1
288	ˈaoɾɑ	ʔɑuːɐən	1
289	ʁiːmˌfaktoːɐ	ɾɪmfaktoɾən	1
290	ˌɡynekoˈloːɡə	ˈgyːnɛkologən	1
291	ɾaeç	ʀaɪçə	1
292	ɪtəʀaˈtuːɐ	iteɾɑˈtuːɐən	1
293	leksiˈkoːn	ˈleːksikɔns	1
294	ʁamʃanlaɪə	ɾamzxanlaeən	1
295	ʁˈkiːʁʊŋ	ɾˈkiːɐʊŋən	1
296	ʔɔnˈtaɽiːɐɪ	ˈʔɔntɑɾiːɾɪnnə	1
297	χˌʃvalbə	xˌʃvalbm	1
298	ˈʃaːmhaːʁ	ʃamɑaɽə	1
299	aɪnˌ(ʔ)øːdə	ʔaenˌʔøːdən	2
300	sx	zxə	12
301	(ʔ)ɔʁt	ˈʔɔɾte	2
302	əlsˌkøːnɪɡɪ	mɛlskønigɪnnə	1
303	eːmə	əmən	1
304	ʊp(t)ˌman	optlɔøtə	2
305	ʁæp	ˈɾaps	1
306	ʁˈvaltʊŋ	ːɐˈvaltʊŋən	1
307	hɛʁ	ˈheːɐˌɾən	2
308	ʀeːmaʃinə	ɾemaʃɪnən	1
309	ʊft	ʏftə	10
310	aɪzənˌbaː	ʔaɪznˌbaːnə	1
311	stiːl	ʃtiːlə	1
312	astʁoˈnoːmɪ	ˈʔastɾonomɪnnə	1
313	ˈhɪlfɛʃɾae	hɪlfɛʃˈɾəiːən	1
314	ˈɛʁlˌkøːnɪç	ʔɛːɐˈlkøːnɪgə	1
315	ːχˌnaːmə	xˌnɑːmən	1
316	ʔɑlɑˈviːtɪ	ˈʔɑːlɑvitɪnnə	1
317	ʁˌʃʁɪft	ɐˌʃɾɪftən	1
318	ˈɡeːknɐʁɪ	gəˈgneːɾɪnnə	1
319	juˈʁɪstɪ	ˈjuːɾɪstɪnnə	1
320	zʊxt	ˈzʏçtə	1
321	ˈkœʁpɐˌtaɪl	kœɾpɛɾˈtəiːlə	1
322	ʔalfɑ	pɾiːvɑtivum	1
323	e	fəəs	1
324	ˌhantʃuː	lantzxuə	3
325	zçə	sçɘn	8
326	ɐɪsmʊs	ɾɪsmən	1
327	hyponyːm	yponymə	1
328	tɔp	ˈtɔppən	1
329	ʃɪçt	ˈʃɪçtən	1
330	ˈpɾyːgelae	pɾygeˈləiːən	1
331	epiˈɡoːnə	ʔeˈpɪgoːnən	1
332	ʔalp	ˈʔalbən	1
333	apkœmlɪŋ	ʔapˌkœmmlɪŋə	1
334	ʃpiːlaotomɑtɛnˈzaloːn	ˈʃpiːlaotomɑtɛnzɑlɔns	1
335	paxt	ˈpɛçtə	1
336	faɾmɑˈkoːn	ˈfaɾmɑkɑ	1
337	haosˈgast	ˈhaosgɛstə	1
338	poliˈtsɪstɪ	ˈpoːlitsɪstɪnnə	1
339	ˈɛʃə	əsçɘn	1
340	sɔŋ	ˈzɔŋs	1
341	ʁaɪzəlˌbeːʁə	ɾaezɛlbəɐən	1
342	os	en	1
343	ʁçə	ːɾçɘn	1
344	ɡəˈflɛktˌhaɪt	gəflɛktəiːtən	1
345	ʁaːkə	ɾɑːkən	2
346	aoʃ	ɔøʃə	7
347	ˈdaʊnə	daˈʔʊnən	1
348	uːk	yːɡə	3
349	zʊxsbalˈloːn	ˈzʊxsballɔns	1
350	ʁɛç.ˌdaks	ɾɛçdaksə	1
351	l	ɛls	1
352	ʀoːmˌʃtɛʁkə	ɾɔmstɛɾkən	1
353	malˈteːzə	ˈmaltəsən	1
354	fɛn	ˈfɛnnə	1
355	ˈmyːtsel	mytseˈliːən	1
356	ʃʁɔt	ˈʃɾɔtə	1
357	ʁeɡuˈliːʁʊŋ	ɾeguˈliːɐʊŋən	1
358	pɛst	ˈpɛstən	1
359	kɑˈban	ˈkɑːbans	1
360	ʃpits	ˈʃpɪtsə	1
361	naχt	ˈnɛçtə	1
362	ˌgaʁ.dəˈʁoːbə	ˈgaɾdeɾobən	1
363	ɡʊʁt	ˈgʊɾtə	1
364	ɡɛk	gəˈkən	2
365	ʁktˌvɪʁtʃaft	ɾktvɪɾtstshaftən	1
366	ˈʃɪndɐae	ʃɪnˈdɐəiːən	1
367	nvʊʁts	ɛnvʊɾtsən	1
368	aŋ	ɛŋə	120
369	muˈzeːʊmsʃtʏk	ˈmuːzɔømzstʏkə	1
370	ˈzɪtɛnpolitsae	zɪtɛnpoliˈtsəiːən	1
371	eːnɪ	ənə	1
372	ʃlaxtpˈlan	ˈʃlaxtplɛnə	1
373	vaː	ˈvanə	1
374	paˈpyːʁʊs	ˈpɑːpyɾi	1
375	ŋkʊŋ	ˌŋkʊŋən	1
376	nsmɪtlhandlʊŋ	ɛnsmɪtɛlandlʊŋən	1
377	ae	əiːən	12
378	ɪnˌmɛtsɪ	enmɛtsɪnnə	1
379	ˌksyloˈfoːn	ksylɔfoːnə	1
380	amˈɛnt	ɑˈmɛntə	1
381	uːɐʃpʁʊŋ	ʔʊɾspɾʏŋə	1
382	ˈkoːɾonɑ	koˈɾoːnən	1
383	flʊxt	ˈflʊxtən	2
384		jɑ	1
385	plenaɾzɑal	ˈpleːnaɾzɛlə	1
386	fœlkəʁʊŋ	vœlkɐʊŋən	1
387	ˈʔyːbɛɾgaŋsɾitus	ʔybɛɾgaŋsˈɾiːtən	1
388	lɔx	ˈlɔks	1
389	kyːlʊŋ	ˌkylʊŋən	1
390	kɔχ	ˈkœçə	1
391	klɪf	ˈklɪffə	1
392	last	ˈlastən	1
393	vetəʁiˈneːʁɪ	ˈveːteɾinɛɾɪnnə	1
394	ʀɛtsə	ɾɛtsən	1
395	hɔʁnˌʃaːf	ɔɾnzxɑfə	1
396	kʀaɪs	ˈkɾaezə	1
397	vɪʁt	ˈvɪɾtə	1
398	ˌizoˈɡlɔsə	ˈʔiːzɔglɔszən	1
399	ʁuːkə	ɾuːkən	1
400	ʃʀaŋk	ˈʃɾɛŋkə	1
401	ˈsøːɐ	sˈzəuːɐə	1
402	pɾaktiˈkɑntɪ	ˈpɾaktikantɪnnə	1
403	ʊŋsˈboːɡŋ	nʊŋsbøgən	1
404	kɔʁn	ˈkœɾnɐ	1
405	ɔɾp	œɾbə	19
406	ːɐtsaːl	ɾtsɑlən	1
407	ɑntfaːbə	antfaɾbən	1
408	toˈmaːtə	ˈtoːmɑtən	1
409	ami	ʔɑːmis	1
410	ˌʔuːtɐae	ʔuˈtɐəiːən	1
411	ɛptɔp	aptɔps	1
412	ɑːgə	aːɡən	1
413	iɡʊŋ	ɪgʊŋən	1
414	aɪnʃtiːksˌdʀoːɡə	ʔaenˌʃtiːkzdɾogən	1
415	dʁaːt	ˈdɾɛtə	1
416	alkoho(ː)l	ʔalkoolə	2
417	ɪntslˌkɪnt	enˌtsɛlkɪndɐ	1
418	ʊˌbyːnə	obynən	1
419	ʁbʃtɪftˌkast	ɾbstɪftkɛstə	1
420	ʊptzats	optzɛtsə	1
421	nblat	ɛnblɛtɐ	1
422	ˌleɡasteˈniː	legastˈəniːən	1
423	ˈhɑnɛnstsɾae	hɑnɛnstsˈɾəiː/jə	1
424	ɾaŋkə	ʀaŋkən	1
425	ʁaːnɪç	ɾɑːnɪçə	1
426	ɐˌlɛndɐʁɪ	ɛɾlɛndeɾɪnnə	1
427	ˈhaɪtseleˌmɛnt	haetseˈləmɛntə	1
428	ɔx	œçɐ	15
429	maʊt	ˈmaotən	1
430	aost	ɔøstə	1
431	uːknɪs	ʊgnɪszə	1
432	ˈkats	ʊnt	1
433	ʃtʀaɪç	ˈʃtɾaeçə	1
434	ʁnˌkʁaʊt	ɾnkɾɔøtɐ	1
435	ʃlaːk	ˈʃlɛːɡə	1
436	oːhaɪm	ʔoːaemə	1
437	hɛk	ˈhɛks	1
438	aʀikaˈtuːɐ	ɑɾikɑˈtuːɐən	1
439	ˈʔanˌtiːk	ʔuːɐ	1
440	meˈçaːnikɐʁɪ	ˈmɛçɑnikeɾɪnnə	1
441	ˈvoːv	ɛˈfɛkt	1
442	ɪmploˈzioː	ʔɪmˈploːsĭoːnə	1
443	ʊmvɔlə	omvɔllən	1
444	ˈkɾiːgspaɾtae	kɾiːgspaɾˈtəiːən	1
445	ʔamt	ˌʔɛmtɐ	1
446	ˌleːɡʊŋ	llegʊŋən	1
447	ɛtə	kɛtən	1
448	ˈgyːtɛɾbɑnof	fɛːɐˈlɑːdebɑnøfə	1
449	taɪl	ˈtəiːlə	2
450	ən	inɑ	6
451	kasˈtaːniənˌbaʊm	ˈkastɑniːnbɔømə	1
452	ɪʃtɪftˌkast	estɪftkɛstə	1
453	ˌknaːbə	knɑbən	1
454	fɛːɐˈbrɛnnʊŋsvɔɾgaŋ	ˈtɾanspɔɾtvɔɾgɛŋə	1
455	ˌɡeoˈloːɡə	gəˈʔoːlogən	1
456	alk	ɛlkə	1
457	tɐkɔpf	ˌtɛɾkœpfə	1
458	autokraːt	ˈaotɔkɾɑtən	1
459	ʔɛsze	ɛsən	1
460	pɾivatpɑtiɛntɪ	ˈpɾiːvatpɑtiːntɪnnə	1
461	mɔps	ˈmœpsə	1
462	uːt	ʊts	1
463	brʊxˌʃtɛlə	lbrʊxstɛllən	1
464	ʊntɐvɛʃə	ʔʊnˌtɛɾvɛsçɘn	1
465	tsvɛʁk	ˈtsvɛɾgə	1
466	eːl	ɛln	1
467	pɑvɪlˈloːn	ˈpɑːvɪllɔns	1
468	staːɐ	ˈʃtaːʀə	2
469	ʊlˌʃɛlə	olzxɛllən	1
470	os	ən	3
471	diʀɛkˈtoːʀɪ	ˈdiːɾɛktoɾɪnnə	1
472	atsaˈleːə	ʔɑˈtsaləən	1
473	ʔʏpsiːloːn	ˈʔʏpsilɔns	1
474	vaɪn	ˈvaɪnə	1
475	ˈɾbɐae	ɾˈbɐəiːən	1
476	skɛtʃ	ˈskɛtçə	1
477	ˌtɔksikoˈloːɡə	ˈtoːksikologən	1
478	ˈ	ˌ	1
479	ˈfɾɔtselae	fɾɔtseˈləiːən	1
480	ɑːt	ɛːtə	1
481	ɡaʊɡʀɛːfɪ	gaogɾɛfɪnnə	1
482	x	ks	5
483	raːsnkrɔytsʊŋ	ɾɑːsɛŋkɾɔøtsʊŋən	1
484	ʃuː	ˈʃuːə	1
485	ʀaɪphaʊs	ɾaepɔøzɐ	1
486	aʊfʁʏstʊŋ	ʔaofˌɾʏstʊŋən	1
487	nˌzaxə	ɛnzɑçɘn	1
488	ˈʔɔstɐae	ʔɔstɐəiːɐ	1
489	eˈtapə	ˈʔeːtappən	1
490	hoteˈliːɐ	ˈhoːteliːɾs	1
491	ˈʀuːpiə	ɾuˈpiːən	1
492	ɪʃ	nɪʃə	1
493	ɡʁøːnlɛndɐʁɪ	gɾœnlɛndeɾɪnnə	1
494	ʁˈʃtaɪnəʁʊŋ	ːɐˈʃtəɪnɐʊŋən	1
495	ʁaktikʊm	ɾaktikɑ	1
496	ɡəˈʃɪklɪçkaɪt	gəʃɪklɪçˈkəiːtən	1
497	eːzlsˌbʀʏkə	ʔeːzɛlzbrʏkən	1
498	ɐnaχt	ˌtɛɾnɛçtə	1
499	ˈʃɾəɪnɐae	ʃˈɾəɪnɐəiːən	1
500	ʁomaˈnɪst	ɾoˈmanɪstən	1
501	kuˈmaːnɪ	ˈkuːmɑnɪnnə	1
502	ʊx	ʏçɐ	66
503	pasˈteːtə	ˈpastətən	1
504	tʔʊntɐʃʀɪft	dʊntɛɾstsɾɪftən	1
505	aːl	ˈʔaːlə	1
506	ˈgaonɐae	gaoˈnɐəiːən	1
507	ˈʃpiːgelae	ʃpiːgeˈləiːɐ	1
508	ʊʁf	ʏʁfə	1
509	lˌknɛçt	ɛlknɛçtə	1
510	ɐɪ	eːɾɪnnə	3
511	bɔnˈboːn	ˈbɔnbɔns	2
512	ˌʁatə	ɾatən	1
513	ɐˈfyːɡʊŋ	ːɐˈfyːgʊŋən	1
514	ʃlɪps	ˈʃlɪpsə	1
515	ʀaʊm	ɾɔømə	1
516	haozalˈtaɽ	ˈhaozaltɛɾə	1
517	ʊmɡaŋ	ʔʊmˌgɛŋə	1
518	ksoːɾ	gatɐ	1
519	laʁinɛˈtɪst	ˈlaɽɪnkɛtɪstən	1
520		e	41
521	ʔaɪskʀeːm	aestsɾəməs	1
522	ˈpʁotʰɔ	pɾoˈtoːnə	1
523	vɔʁt	ˈvœʁtʰɐ	1
524	tsvaŋzaɾˈbəiːtɐɪ	ˈtsvaŋzaɾbaeteɾɪnnə	1
525	vɛˈgiː/jə	ˈvɛgiəs	1
526	ːʀənˌmɪtɡliːtʃaft	ɾɛnmɪtgliːtstshaftən	1
527	ɪtə	øtən	1
528	dʊŋkɛlmantel	ʔɑːmaezɛnvʏɾgɐ	1
529	ˌmaːlɐʁɪ	mɑleɾɪnnə	1
530	lʊftbalˈloːn	ˈlʊftballɔns	1
531	ʁʊpə	ɾʊppən	1
532	ʁɛmpə	ɾɛmpən	1
533	ameˈtʏst	ˈʔɑːmɛtʏstə	1
534	ɡɪps	ˈgɪpsə	1
535	os	ɔszə	1
536	ɐˈlaʊpnɪs	ːɐˈlaobnɪszə	1
537	aplaʊt	ʔapˌlaotə	1
538	ç	gə	40
539	omunikaˈtsjoː	ɔmmunikɑˈtsĭoːnə	1
540	aɪnʃnɪt	ʔaenˌʃnɪtə	1
541	ʁãˈʒiːɐˌbaːnhoːf	ˈɾaŋiːɾbɑnøfə	1
542	sɛksʃpiːltsɔʏk	zɛksspiːltsɔøgə	1
543	ʁiːk	ɾiːgə	5
544	paʁk	ˈpaɾkə	1
545	baɾbɑˈdiːɐɪ	ˈbaɾdiːɾɪnnə	1
546	aʊm	ɔømə	1
547	ʁɔʏts	ɾɔøtsə	1
548	xbaː(ɐ)	χbaːɐn	3
549	kɛmp	ˈkamps	1
550	dɔsˈziːɐ	ˈdɔsziːɾs	1
551	ʀyːɡəlknaːbə	ɾyːgɛlknɑbən	1
552	ˌgœtɐae	gœtɐəiːən	1
553	ˈtʁamplˌtiːɐ	tɾampɛlˈtiːɾe	1
554	tse	ˌtsən	1
555	ɛŋlɛndəʁɪ	ʔɛŋlɛndeɾɪnnə	1
556	talk	ˈtalgə	1
557	fax	ˈfɛçɐ	1
558	ˈʃtuːdiə	ʃtuˈdiːən	1
559	eˈtʀiː	mɛtˈɾiːən	1
560	ɡlaɪçʃaltʊŋ	glaeçʃaltʊŋən	1
561	'tɛçnɪk	ˈtɛçnikən	1
562	moˈbiːlˌmaχʊŋ	ˈmoːbɪlmaxʊŋən	1
563	tɔp	ˈtɔpps	1
564	zɛŋkˈka	ˈzɛŋkkɛ	1
565	ʃvaenɛstall	viːstɛllə	1
566	ə	ŋ	16
567	pɔrˈtrɛː	ˈpɔɾtɾɛts	1
568	aːlˈləiːtɐ	ˈaːllaetɛɾn	1
569	ɡʁaːs	ˈgɾɛːzɐ	1
570		m	1
571	ˈvaenaxtsbɛkɐae	vaenaxtsbɛkɐəiːən	1
572	ɛaˈfɔlk	ʔɛːɐˈfɔlgə	1
573	ɡəˈʃmak	gəˈʃmɛkə	1
574	ˌyːbɐˈtʀeːtʊŋ	ˈʔyːbɛɾtɾətʊŋən	1
575	pfaːl	ˈpfɛlə	1
576	lɑboˈɾɑntɪ	ˈlɑːboɾantɪnnə	1
577	knallbɔnˈboːn	ˈknallbɔnbɔns	2
578	tseˈdeː	ˈʃpiːlɐ	1
579	ʃə	ːsçɘn	3
580	ˌeːɐtshɛʁtsoːk	ɛɾtsɛɾtsogə	1
581	aˈkaː.tsiə	ʔɑkɑˈtsiːən	1
582	haːɐ	ˈhaːʀə	1
583	ɡəˈʁʊχsˌzɪn	gəˈɾʊxszɪnnə	1
584	ənˈʃtiːl	ɛnstiːlə	1
585	ɑːge	eːɡ	1
586	ʔeˈvɛnt	ˈʔeːvɛnts	1
587	ʁtlɐˌhɛʁts	ɾtlɛɾɛɾtsən	1
588	ˌtɛm.pə.ʁaˈtuːɐ	tɛmpəʀaˈtuːʀən	1
589	eːɐfal	ɛɾfɛllə	1
590	ənɐɪ	neɾɪnnə	1
591	tɪʃ	mtɪʃə	1
592	kɔmˈpɔt	ˈkɔmpɔtə	1
593	apaˈtiː	ʔɑpatiːən	1
594	ɪgɐɪ	igeɾɪnnə	3
595	ɐˈʃvɛn.dɐ.ʁɪ	ːɐˈʃvɛndeɾɪnnə	1
596	.sɐ.poˌlakə	szɛɾpolakən	1
597	çoˈɾal	ˈçoːɾɛlə	1
598	apˌvasəʁ	ʔapˌvɛszɐ	1
599	fɔlɛndʊŋ	vɔllɛndʊŋən	1
600	goˈlanɐɪ	ˌgoːlɑneɾɪnnə	1
601	oːbəʁɪ	ʔoːbeɾɪnnə	2
602	ʏçə	yçɘn	9
603	dɛk	ˈdɛkə	1
604	zɪfoːn	ˈzɪfɔns	1
605	aːɡə	ɑːgən	1
606	ʁˈbʁaʊχəʁɪ	ːɐˈbraoxeɾɪnnə	1
607	aːɐ	ʔɑaɽən	1
608	nˌlampə	ənˌlampən	1
609	ʔatənˈtɛːtɐɪ	ˈʔatɛntɛteɾɪnnə	1
610	ˈʃvɪndelae	ʃvɪndeˈləiːən	1
611	ʃvaɾtsvɛldɐ	kɪɾststɔɾtə	1
612	oːfə	ʔøːfe	1
613	ˌveːˈliːɐ	veˈliːɾe	1
614	ɡəˈvalt	gəˈvaltən	1
615	ʊnt	ʏndə	32
616	akəˈlaɪ	ʔɑkeˈləiːən	1
617	aːlhɛlm	ɑlɛlmə	1
618	amt	ɛmtɐ	21
619	pʊts	ˈpʊtsə	1
620	ˌhʊʁiˈkaːn	ˈhʊɾɾikans	1
621	ɔll	œllə	3
622	.mɐ.ˌʔa.fə	mmeɾaffən	1
623	əuːɐɐɪ	ˌɔøɾeɾɪnnə	1
624	ˈuːɐˌtsaɪt	ʔʊɾˈtsəiːtən	1
625	nˌveːɐt	ɛnvɛɾtə	1
626	kˈɾoːnən	ˈvʊxɛɾblumə	1
627	œʁivʊʁst	ʊɾɾyvʏɾstə	1
628	dɪl	ˈdɪllə	1
629	ʃain	zxəɪnə	1
630	ɛʁlɪŋ	ɐlɪŋə	1
631	aχə	ɑçɘn	3
632	of	øfə	27
633	aox	ɔøçɐ	7
634	ʀʊkzak	ɾʊkzɛkə	1
635	pfaʊ	ˈpfaoə	1
636	ʀaɪç	ɾaeçə	1
637	gɾøːsə	ɡʀøːsn	1
638	ˈplaodɐae	plaoˈdɐəiːən	1
639	ɐɪ	eɾɪnnnə	1
640	ʊtsə	otsən	1
641	ap.bɪl.dʊŋ	ʔapˌbɪldʊŋən	1
642	ːnˌʃpʁaːχə	nspɾɑçɘn	1
643	ˈʃaospiːlɐae	ʃaospiːˈlɐəiːən	1
644	aːdlhɔlts	ɑːdɛlœltsɐ	1
645	lˌhalm	ɛlalmə	1
646	ˈkoːme	bak	1
647	brɔvˈniː/jə	ˈbrɔvniəs	1
648	nʊs	ˈnʏsə	1
649	im	ɪms	1
650	peʁiˈɡɛːʊm	ˈpeːɾigɛən	1
651	χtˌɛmt	xˌtɛmdən	1
652	tʁiˈkoː	ˈtɾiːkɔts	1
653	uːs	ʏszə	3
654	əˌkɔpf	ekœpfə	1
655	tvɪst	ˈtvɪsts	1
656	ɡyːlt	ˈɡyːltə	1
657	gɾʏndʊŋ	ɡʀʏndʊŋən	1
658	χʀeˌtsɛpt	xɾetsɛptə	1
659	fɪʃ	tfɪʃə	1
660	aos	ɔøzə	18
661	ɪtsnfɛlt	etsɛnfɛldɐ	1
662	ae	əɪnə	1
663	veːk	ˌveːɡə	1
664	als	ɛlzə	5
665	ˈʀɪeːʀə	ɾˈɾiːɾen	1
666	bɪs	ˈbɪszə	1
667	ɔkt	œktə	1
668	ˈɾɛktsĭonskɔmpozituːm	ɾɛktsĭonskɔmpoˈziːtən	1
669	k	ɡə	3
670	ˈʔɑːvantgaɾdə	kʊnst	1
671	beːt	ˈbeːtə	1
672	əl	pɛln	2
673	əiːtɐ	aetɛɾn	1
674	ʀaɪfaχˌklɪk	ɾaefaxklɪks	1
675	ɾkˈtal	ˈɾktɛːlɐ	1
676	ruːəʃtøːrʊŋ	ɾuːɛstøɾʊŋən	1
677	uːm	ən	7
678	us	i	19
679	ʀiniˈtɛːt	ɾiniˈtɛːtən	1
680	ˌheːləˈʁaɪ	heˈlɐəiːən	1
681	oːtsə	ɔtzən	1
682	ˈzɔʏɡəˌtiːɐ	zɔøˈgətiːɾe	1
683	gə	ɡŋ	1
684	s	ze	1
685	ʁeliˈɡjoː	ɾeˈlɪgĭoːnə	1
686	motɔɾfʊxsstsˈvants	ˈmoːtɔɾfʊxsstsvantsn	1
687	faˈɡɔt	ˈfɑːgɔtə	1
688	ɾɛntə	ʀɛntn	1
689	habiˈtaːt	ˈhɑːbitɑtə	1
690	fuˈtoːn	ˈfuːtɔns	1
691	kapˈlan	ˈkaplɛnə	1
692	ɪks	fiksə	1
693	floːs	ˈfløːsə	1
694	ʔɑloˈgoːn	ˌʔɑːlogɑ	1
695	haʊx	ˈhaoxə	1
696	ʁandʊŋ	randʊŋən	1
697	kɔlˈliːɐ	ˈkɔlliːɾs	1
698	huːt	ˈhyːtə	1
699	ʁuːfʊŋ	ɾuːfʊŋən	1
700	ɡaɪst	gəɪstɐ	1
701	ʁtsˌvʊʁtsl	ɾtsvʊɾtsɛln	1
702	aʊftʀɪt	ʔaofˌtɾɪtə	1
703	psʏçɔfaɾmɑˈkoːn	ˈpsʏçɔfaɾmɑkɑ	1
704	haʊpt	ˈhɔøptɐ	1
705	ɡəˈmaɪndə	gəˈmaendən	1
706	ʃlʊk	ˈʃlʊkə	1
707	a	ɑs	3
708	aŋst	ɛŋstə	6
709	arɡuˈmɛnt	ʔaɾguˈmɛntə	1
710	ʀaːfə	ɾɑːfən	1
711	ɡlaːs	ˈglɑːzən	1
712	bɔs	ˈbɔsə	1
713	ˌfaχ	fɛçɐ	1
714	ˌpyʀoˈskoːp	ˈpyːɾɔskopə	1
715	fɛɐˌklaɪnəʀʊŋ	vɛɾklaenɐʊŋən	1
716	ˌviːdəʁˈɡuːtmaχʊŋ	ˈviːdɛɾgʊtmaxʊŋən	1
717	aot	ɔøtə	24
718	ʁiːf	riːfə	1
719	laŋɡoˈbaʁdɪʃ	ˈlaŋobaɾdɪʃə	2
720	nar	ˈnaɾɾən	1
721	otaˈtsioː	notɑˈtsĭoːnə	1
722	ɐɡəˈzɛlə	ɛɾgezɛllən	1
723	aɪnkaʊfsˌtsɛntʁʊm	ʔaenˌkaofstsɛntɾən	1
724	ʁeklamaˈtsioː	ɾɛklɑmɑˈtsĭoːnə	1
725	tsvaɪk	ˈtsvəɪgə	1
726	uː(t)ˌtsɔʏgə	ʊtsɔøgən	2
727	ɡʀyːsʊŋ	gɾyːsʊŋən	1
728	ʀaːɡə	ɾɑːgən	1
729	ʃpiːl	ˌʃpiːlə	1
730	ˈʔɑːɾiː	aɽiːən	1
731	tɔøˈtoːnɪsmʊs	ˈtɔøtonɪsmən	1
732	ɐˈdɛk	ːɐˈdɛkə	1
733	.fə	fən	1
734	kɔlɛkˈtiːvʊm	ˈkɔllɛktivɑ	1
735	kuˈmaːnɪʃ	ˈkuːmɑnɪʃə	1
736	ɪbɐˌfas(t)naχt	ebɛɾfastnɛçtə	2
737	ʀoːznˌkʀants	ɾoːzɛŋkɾɛntsə	1
738	təɪstɪ	ˈtaestɪnnə	1
739	ˈkeːnia	koaliˈtsioːn	1
740	ːɐˌfaɪɡə	ɾfəɪgən	1
741	iːt	ɪts	1
742	uːxnhɔlts	ʊxɛnœltsɐ	1
743	ˈhaftʊŋ	haftʊŋən	1
744	ɾs	ʁsə	1
745	ʁɪlə	ɾɪllən	1
746	.taːt	ˌtɑːtən	1
747	apa	ɑːpɑs	1
748	aɾsx	ɛɾzçə	7
749	fɛlˌhantʃuː	mfɛllantzxuə	1
750	haps	ˈhappsə	1
751	kʀɪstoloˈɡiː	çɾɪstoloˈgiːən	1
752	lʊŋ	mlʊŋən	3
753	eɪsbɔːl	ɑːzeballs	1
754	mɑlaeˈziːɐɪ	ˈmɑːlaeziːɾɪnnə	1
755	lˌkamɐ	ɛlkammɛɾn	1
756	ɔst	œstə	3
757	ʔɪntɛnˈziːfˈtɛːtɐɪ	ˈʔɪntɛnzɪftɛteɾɪnnə	1
758	ʁʏkˌʊmʃlaːk	ɾʏkʊmstslɛgə	1
759	ʁnbɪlt	ɾnbɪldɐ	1
760	em	əmə	1
761	vɔlfsstsˈvants	ˈvɔlfsstsvɛntsə	1
762	ʃɪʃ	zxɪʃə	1
763	ʃvaɾtsgezɪçt	ʔɑːmaezɛnvʏɾgɐ	1
764	ʏsɔlts	yːsˌhœltsɐ	1
765	əlˌliːniə	tɛlˈlɪniːən	1
766	ʔagɾammɑˈtɪsmʊs	ˈʔagɾammɑtɪsmən	1
767	kasˈtaːniənhɔlts	ˈkastɑniːnœltsɐ	1
768	ʃtaˈtpˈlan	ˈʃtatplɛnə	1
769	ˌfe(ː).miˈnɪs.mʊs	ˈfeːminɪsmən	2
770	mɔk	ʔɔpjɛkt	1
771	ˈpɔszɛszɪfkɔmpozituːm	pɔszɛszɪfkɔmpoˈziːtən	1
772	gɾʊppɛnnaxˈbaɽ	ˈgɾʊppɛnnaxbaɾn	1
773	ut	ʊts	5
774	diˈʀɛktoːɐ	ˈdiːɾɛktoɾən	1
775	ə	en	1
776	ul	ylə	8
777	ampf	ɛmpfə	29
778	ˈbaɪʃpiːl	bəˈʔɪspiːlə	1
779	gɾapˈmal	ˈgɾapmɛlɐ	1
780	kɾaeszɑal	ˈkɾaeszɛlə	1
781	aʊsˌlɛndəʁɪ	ʔaosˌlɛndeɾɪnnə	1
782	aːvə	ɑːvən	1
783	ʊst	ʏstə	8
784	ˈkɾiːminalpolitsae	kɾiminalpoliˈtsəiːən	1
785	us	ʏszə	3
786	bɑdeˈgast	ˈbɑːdegɛstə	1
787	apˌʃlʊs	ʔapˌʃlʏszə	1
788	ɪˈlyːʁɪʃ	ˈʔɪllyɾɪʃə	1
789	e	əs	15
790	veɾmɛçanɪsmʊs	ˌveɾmɛçɑnɪsmən	1
791	ɪfə	efən	1
792	ʔetablɪsˈzəmɛnt	ˈʔeːtablɪszemɛnts	1
793	ʃʏtɛlˈtants	ˈʃʏtɛltɛntsə	1
794	kʀaftfaːɐtsɔɪk	haftpflɪçtvɛɾzɪçɐʊŋ	1
795	ʏʃə	yːsçɘn	1
796	ːnənhʊnt	nɛnʊndə	1
797	baˈkiː/jə	ˈbakiəs	1
798	ɡəˈfeːs	gəˈfɛːsə	1
799	ʃaː	ˈʃɑs	1
800	ə	mən	5
801	ɑːf	ɛːfə	1
802	ʁˈtɔfəlˌbʁaɪ	ɾtɔffɛlbrəiː/jə	1
803	ɡʀaɪf	ˈgɾaefən	1
804	ˈzɛktoːɐ	zɛkˈtoːʀən	1
805	laʊs	ˌlɔɪzə	6
806	ɡaʁˈdiːnə	ˈgaɾdɪnən	1
807	ʊts	ʏtsə	5
808	ʊɾf	ʏɾfə	15
809	maˈsøːɐʁɪ	ˈmaszɔøɾɪnnə	1
810	ˈɡeːɡnʊŋsˌʃtɛtə	gəˈgnʊŋzstɛtən	1
811	ˈbaltsɑɾenɑ	balˈtsaɽənən	1
812	ok	ɔks	6
813	ɛˈfɛkt	ˈʔɛffɛktə	1
814	lʊks	ˈlʊksə	1
815	ʁatə	ɾatən	1
816	vamˈpiːɐ	ˈvampiɾə	1
817	kaːɐˈfraitaːk	ˈkaɾfɾaetɑgə	1
818	ɛɐˈmɔʁdʊŋ	ʔɛːɐˈmɔɾdʊŋən	1
819	ɑːk	ɛːgə	16
820	kaˈbʊf	ˈkɑːbʊffə	1
821	fɾyjɑɾs	tɑːgʊndnaxtglaeçə	1
822	ʁaɪniɡʊŋ	ɾəɪnɪgʊŋən	1
823	amm	ɛmə	1
824	ɛɐˈtsɔʏɡʊŋ	ʔɛːɐˈtsɔøgʊŋən	1
825	ˈvaːlhaɪ	valɑiː/jə	1
826	ʀaɪtpfeːɐt	ɾaetpfɛɾdə	1
827	skɛt	zɛtts	1
828	ʀaːt	ˈɾɛːte	1
829	ɛlt	əˈltə	1
830	kamp	ˈkɛmpə	1
831	ˌhantʃuː	antzxuə	1
832	sʔanvɛltɪ	zanvɛltɪnnə	1
833	zɔfɪsmʊs	ˈzɔfɪsmən	1
834	ɽ	ːɐn	2
835	bɔmbaɾˈdəmɛnt	ˈbɔmbaɾdemɛnts	1
836	ʁovokaˈtøːʁ	ɾovokɑˈtəuːɐə	1
837	ʃə	sçɘn	7
838	ʃtʀaʊs	ˈʃtɾɔøsə	2
839	ɐflaʃə	ɾflɑsçɘn	1
840	pʁɛpozitsioˈnaːlˌfʁaːzə	ˈpɾɛːpozitsĭonalpɾɑzən	1
841	ʀɛtɪç	ɾɛtɪçə	1
842	ʔizomɔɾfɪsmʊs	ˈʔiːzomɔɾfɪsmən	1
843	aɪt	ytəs	1
844	poliˈtsaɪˌvaχə	ˈpoːlitsaevɑçɘn	1
845	ˈkʰʏnstlɪçkʰaɪtʰ	kʏnstlɪçˈkəiːtən	1
846	ʁɔst	ˈɾɔstə	1
847	ʃaːf	ˈʃɑːfə	1
848	əsvaːʁnɛːmʊŋ	nɛsvɑɾnemʊŋən	1
849	ʁmaˈtiːʁʊŋ	ɾmɑˈtiːɐʊŋən	1
850	hʊnt	ˌhʊndə	1
851	ɐˌɛʁtstɪ	eɾɛɾtstɪnnə	1
852	ˈdɑːte	daˈtəs	1
853	ːlˌmaɪzə	lmaezən	1
854	ʔɔɾdɛnsˈgənɐal	ˈʔɔɾdɛnsgeneɾɛlə	1
855	ˈɾoːzinɛnpɪkɐae	ɾozinɛnpɪkɐəiːən	1
856	toːn	ˈtøːne	1
857	ɑːs	asze	2
858	.bə	bən	1
859	ʀə	ɾen	2
860	ˈʃtaffelae	ʃtaffeˈləiːən	1
861	zaʁk	ˈzɛɾgə	1
862	plɑːnalto	tɾɔpfenɑmaezɛnvʏɾgɐ	1
863	ɪnhʊnt	enʊndə	1
864	ɐˈfal	ːɐˈfɛllə	1
865	klaˈbaʊtɐˌman	ˈklɑːbaotɛɾmɛnnɐ	1
866	ɡəˈvɛks	gəˈvɛksə	1
867	lʊŋ	plʊŋən	1
868	føːn	ˈfønə	1
869	ʁeˈʒiːm	ˈɾeːgiməs	1
870	teˈksanɐɪ	ˈteːksɑneɾɪnnə	1
871	lats	ˈlatsə	1
872	taɪl	ˈtaɪlə	2
873	staːɐ	ˈʃtaɾs	1
874	ʃpiːl	ˈʃpiːlə	1
875	zaeal	aˈkaː.tsiə	1
876	ann	ɑmɛnnɐ	1
877	ˈstsiːntsə	fɪtsˈtsĭoːn	1
878	al	ɛlə	1
879	antiˌteːzə	ʔanˌtɪtəsən	1
880	iːgɑɾɪllo	ɪgaɽiːlloːs	3
881		ˌs	1
882	ˈlaʊftsaɪt	laofˈtsəiːtən	1
883	apflˌblyːtə	ʔapfɛlblytən	1
884	çɾomɑtitsiˈtɛː	ˈçɾoːmɑtitsitɛtʊndefine	1
885	meditsɪnstuˈdɛntɪ	ˈmeːditsɪnstudɛntɪnnə	1
886	ənˌkɛʁn	ːŋkɛɾnə	1
887	ɑt	ats	5
888	ətaːt	ˌʔeːtɑtən	1
889	əʁɡəˌvɪnʊŋ	ɛɾgevɪnnʊŋən	1
890	us	ən	30
891	ʁməˈʁaɪ	ɾˈmɐəiːən	1
892	ɐˈlaʊf	ːɐˈlɔøfə	1
893	ˈbaɽɪ	ˌbɑːɾɪnnə	1
894	ksnoːɾ	gatɐ	1
895	ˈɡɛltʃtʏk	gəˈldʃtʏkə	1
896	ˈbɛnts	bəˈntsə	1
897	pʁoˈteːzə	ˈpɾɔtəsən	1
898	ɐɪ	eɾɪnnə	333
899	ɪsˌbaɪn	esbəɪnə	1
900	aʁbaɪt	ʔaʁbaɪtn	1
901	yːsˌkaʁtɔfl	ʏskaɾtɔffɛln	1
902	iːʀə	ʔiːɾen	1
903	fas	ˈfɛsɐ	1
904	pʁoˈtɛst	ˈpɾoːtɛstə	1
905	un	ynɐ	7
906	ʁenoˈviːʁʊŋ	ɾenoˈviːɐʊŋən	1
907	ˌantʁaˈtsiːt	ˈʔantɾɑˈtsiːtə	1
908	ˈdɔppel	teː	1
909	ːnɐˌʃtal	nɛɾstɛllə	1
910	ɡəˈhaɪmnɪs	gəˈhaemnɪszə	1
911	ˈhaemlɪçtuɐae	haemlɪçtuɐəiːən	1
912	aʊfˌmaʁʃ	ʔaofˌmɛɾzçə	1
913	ʃlaˈʁafənlant	ˈʃlɑːɾaffɛnlɛndɐ	1
914	ɡʀaːt	ˈgɾɑːtə	1
915	ɾo	ˌʀoːs	1
916	ɛʃə	ʔɛːsçɘn	1
917	monoˈloːk	ˈmoːnologə	1
918	ʊtaʁtst	otɛɾtstə	1
919	ʃpɪtsɛntants	ˈʃpɪtsɛntɛntsə	1
920	loːn	ˈløːnə	1
921	ˈfaktoɾae	faktoˈɾəiːən	2
922	.ɛɐˌɡʊs	ɛɾgʏszə	1
923	ɔdi	oːdys	1
924	ɐziˈtɛːt	ʁziˈtɛːtn	1
925	ːlo	loːs	1
926	aˈlaʁm	ˈʔɑːlaɾmə	1
927	ˌɔŋkoˈloːɡɪ	ˈʔɔŋkologɪnnə	1
928	ʃuː	ˌʃuːə	1
929	aʀaˈvaːnə	ɑɾɑˈvanən	1
930	ɡaʊnɐˌʃpʁaːχə	gaonɛɾspɾɑçɘn	1
931	ˈʃøːnhaɪt	ʃœnˈəiːtən	1
932	ʔoksyˈtoːnoːn	ˈʔoːksytonɑ	1
933	aːn	ˌaːnə	1
934	ːʃˌmɛloʊ	ɾsmallɔvs	1
935	kɑˈtalanɪ	ˈkɑːtɑlɑnɪnnə	1
936	aːdlˌʔøːɐ	ɑːdeløɾə	1
937	χnˌtaːk	xɛntɑgə	1
938	ʁnə	ɾnən	1
939	ˌeːʁdə	ɛɾdən	1
940	ʃvaɪn	ˈʃvaɪnə	1
941	ːɐ	ɾən	3
942	taːk	ntɑgə	1
943	eɾɛʃə	ɐəsçɘn	1
944	ənˌʃpiːlɐʁɪ	pɛnspiːleɾɪnnə	1
945	ʁlaˈmɛnt	ɾlɑˈmɛntə	1
946	ˈtɾətɐae	tˈɾətɐəiːən	1
947	ʔɔʏlə	ɔølən	1
948	ɡɛnzəˌleːbɐvʊʁst	gɛnzelebɛɾvʏɾstə	1
949	anɡəleːɡnhait	ʔangəlegɛnˈəiːtən	1
950	ˌaʁçiˈpeːl	ˈʔaɾxipelə	1
951	ɐɡlaːs	zɛɾglɛzɐ	1
952	ɛˈʃɪɐ	əˈʃɪɾɾə	1
953	p	bɪnən	1
954	əsɐɪ	eːzeɾɪnnə	1
955	aːk	ɑgə	1
956	kaʁtoˈɡʁaːf	ˈkaɾtɔgɾɑfən	1
957	uːxˌ(ʔ)ɛkɐ	ʊxɛkɛɾn	2
958	ˈbeːbʊŋ	bəˈbʊŋən	1
959	tsuːk	ˌtsyːgə	1
960	laʊf	ˌlɔɪfə	1
961	ˈkɾiːçə	kˈɾiː/jəçɘn	1
962	ˈbɑːføk	ʃmaˈʀɔtsɐ	1
963	tsɪŋk	ˈtsɪŋkən	1
964	ʔɛs	boːt	1
965	ˈbɛʁnˌʃtaɪn	bəˈɾnʃtəɪnə	1
966	bʀaʊx	ˈbʀɔɪçə	1
967	ʃtɪç	ˈʃtɪçə	1
968	ʊtonoˈmiː	otonoˈmiːən	1
969	baʁʃ	ˈbaɾzxə	1
970	.aŋst	ɛŋstə	1
971	ziːk	ˈziːgə	1
972	ˌuʁoˈloːɡə	ˈʔuːɾologən	1
973	kaˈziːnɔ	ˈkɑːzinos	1
974	ɪmpləmɛnˈtiːʁʊŋ	ʔɪmpˈləmɛntiːɐʊŋən	1
975	ˈʔatlɑs	ʔatˈlɑntən	1
976	ʃteːk	ˈʃteːgə	2
977	aʊfˌvaɪçʊŋ	ʔaofˌvaeçʊŋən	1
978	maʁʃ	ˈmɛɾzçə	1
979	ˈbʊndəsmɪnɪsˌteːʁiʊm	bʊndɛsˈmɪnɪstɐiːən	1
980	ˈhaʊsˌʔaʁbaɪt	haozaɾˈbəiːtən	1
981	ik	ɪks	3
982	ˈɡeːɡŋˌtsuːk	gəgəˈntsyːgə	1
983	ˈplaɪtə	pˈləiːtən	1
984	saʃimiː	zasimis	1
985	jaːkt	ˈjakdən	1
986	ɐˌʃtuːbə	ɛɾstubən	1
987	ɐ	eɾim	1
988	aɪnbʁʊx	ʔaenˌbrʏçə	1
989	tantsbal	ˈtantsbɛllə	1
990	antlɪts	ʔanˌtlɪtsə	1
991	hɔrn	ˈhœɾnɐ	1
992	mɔlç	ˈmɔlçə	1
993	kʊnstɡəˌʃɪçtə	ˈkʊnstgɛʃɪçtən	1
994	ʁkˌtsɔʏk	ɾktsɔøgə	1
995	aːd	ɛːdə	1
996	ʁaʊbə	ɾaobən	1
997	tɛmpoliˈmiːt	ˈtɛmpolimɪts	1
998	mɛnʃ	ˈmɛnsçɘn	1
999	n	ə	3
1000	ˈvaɪshaɪt	vaesˈəiːtən	1
1001	lɛk	ˈlɛks	1
1002	ɐˈzɛlp(st)ʃtɛndɪɡʊŋ	ːɐˈzɛlbststɛndɪgʊŋən	2
1003	ɛɐˈlɔɪtəʀʊŋ	ʔɛːɐˈlɔøtɐʊŋən	1
1004	ʁãːʃ	ʀãːʒn	1
1005	aːmɔkˌlaʊf	ʔɑːmɔklɔøfə	1
1006	ənˌzɪtɪç	lɛnzɪtɪçə	1
1007	apkʏʁtsʊŋsfɛɐˌtsaɪçnɪs	ʔapˌkʏɾtsʊŋsvɛɾtsaeçnɪszə	1
1008	ˈbɛk	bəˈkə	1
1009	ʊmvɔlˌhantʃuː	omvɔllantzxuə	1
1010	ɡɐˌfaː	gɛɾvɛ	1
1011	ʔɛlf	ˈʔɛlfən	1
1012	eˈtyːd	ˈblɛç	1
1013	ʁuːχʃtʏk	rʊxstʏkə	1
1014	klɔts	ˈklœtsə	1
1015	ɡəˈhaɪm.fa.voˌʁɪt	gəhaemfɑvoˈɾiːtən	1
1016	ˌdeːfaʊˈdeː	ˈtfts	1
1017	ʔaɾxiːfaɽɪ	ˈʔaɾxivɑɾɪnnə	1
1018	/jə	ən	297
1019	ːtə	tən	2
1020	tɛɾˈmɪnal	ˈtɛɾminals	1
1021	əl	ɛln	8
1022	ɾedakˈtəuːɐɪ	ˈɾeːdaktɔøɾɪnnə	1
1023	aɪnzɪçt	ʔaenˌzɪçtən	1
1024	ʃtʊndɛnpˈlan	ˈʃtʊndɛnplɛnə	1
1025	ʀʊsɪʃ	ɾʊszɪʃə	1
1026	ɛn(t)s	entsən	2
1027	ɡəˈʃmak	gəˈʃmɛkɐ	1
1028	kɔmˈmiːliːtoːnɪ	ˈkɔmmilitonɪnnə	1
1029	gœʁl	ˈgɪɾls	1
1030	ˈjoːm	kɪpˈpuːɐ	1
1031	:lə	lən	2
1032	hals	ˈhɛlzə	1
1033	ek	itsə	4
1034	dɔʁf	ˈdœʁfɐ	1
1035	ˌka(ː)kɐˈlaːkə	ˈkɑːkɛɾlɑkən	2
1036	ˈeːɐtnʊs	ʔɛːɐˈdnʏszə	1
1037	ʃɔt	ˈʃɔtən	1
1038	ʀyːlɪŋ	ɾyːlɪŋə	1
1039	ˌzʏmpaˈtiː	zʏmpatiːən	1
1040	zɪlbɛɾvaŋən	ʔɑːmaezɛnvʏɾgɐ	1
1041	hɛlˈvətɪsmʊs	ˈhɛlvetɪsmən	1
1042	ːzam	zaːlə	1
1043	ˌtastə	ˈtastən	1
1044	fɾylɪŋs	tɑːgʊndnaxtglaeçə	1
1045	ɪʃtɪftˌtsaɪçnʊŋ	estɪftsaeçnʊŋən	1
1046	ʀi:mas	ɾiːmɑtən	1
1047	ə	fən	3
1048	ˈhɛllzeɐae	hɛllzeˈɐəiːən	1
1049	tpɔɾˈtiːɐ	ˌtpɔɾtiːɾs	1
1050	ˌøkoˈloːɡɪ	ˈʔøːkologɪnnə	1
1051	aːzə	ɑːzən	1
1052	ʁɔs	ˈɾœszɐ	1
1053	ɑ	ə	3
1054	əʁɪ	eɾɪnnə	5
1055	ˌhaetzbrae	haetzbrəiː/jə	1
1056	bʊʁk	ˈbʏɾgə	1
1057	voˈlˈtɛːtɐɪ	ˈvoltɛteɾɪnnə	1
1058	ʊnt	ʏndɐ	3
1059	maˈkʁeːlə	ˈmakɾelən	1
1060	hoːt	doːk	4
1061	ˈbɛt.tuːx	bəˈtttʏçɐ	1
1062	ːtˌzaxə	tzɑçɘn	1
1063	ʀɛkˌkɛɐl	ɾɛkkɛɾlə	1
1064	ˈbaɪvɔʁt	bəˈʔiːvœɾtɐ	1
1065	a	ən	5
1066	kaɾˈtoːn	ˈkaɾtɔns	1
1067	zatsfɑɾpˈlan	ˈzatsfɑɾplɛnə	1
1068	ʊstˌhantʃuː	ostantzxuə	1
1069	ˈpɪlə	daˈnaːχ	1
1070	tsyˈkloːp	ˈtsʏklopən	1
1071	vaɪn	ˌvaɪnə	1
1072	mʊnt	tsuː	1
1073	ːskɔp	skœppə	1
1074	gn	kns	1
1075	leːbɐ	tlebɛɾn	1
1076	nʊs	ˌnʏsə	3
1077	ːxˌnaːmə	xˌnɑmən	1
1078	aʊx	ɔʏçə	1
1079	o	øə	1
1080	aʊstɐ	ʔaosˌtɛɾn	1
1081	ɛspə	ʔɛspən	1
1082	ˈʃtuːdiʊm	ʃtuˈdiːən	1
1083	ʰaːk	ɑgə	1
1084	mɪnɪˈsteːʁiʊm	ˈmɪnɪstɐiːən	1
1085	etymoˈloːɡə	ˈʔeːtymologən	1
1086	ɐʃtant	zɛɾstɛndə	1
1087	ˌbəˈfœlkəʀʊŋsˌdɪçtə	bəˈvœlkeɾʊŋsdɪçtən	1
1088	ˈtɾɔømɐae	tɾɔøˈmɐəiːən	1
1089	ˌkaʁikatuˈʁɪst	kaʀikatuˈʀɪstn	1
1090	uːxʔanˌfʀaːɡə	ʊxanfɾɑgən	1
1091	ˈmɔlkɐae	mɔlˈkɐəiːən	1
1092	ˌhavaˈʁiː	hɑˈvaɽiːən	1
1093	zantˈka	ˈzantkɛ	1
1094	kiːl	ˈkiːlə	2
1095	u	y	13
1096	ʔepɪtətoːn	ˈʔeːpɪtetɑ	1
1097	ˌʃtɛlʊŋ	stɛllʊŋən	1
1098	ˌhɔspiˈtaːl	ˈhɔspitɛlɐ	1
1099	aos	ɔøzɐ	132
1100	ç	ɡə	3
1101	ˌk	gəˌn	3
1102	ʁɔɡənfɛlt	ɾɔgɛnfɛldɐ	1
1103	ʊzəˌlɔx	ozelœçɐ	1
1104	uːp	ʊps	3
1105	ɾɪft	ʀɪftn	1
1106	ʁɪtɪ	riːtɪnnə	1
1107	ɪɡɛlp	egɛlbə	1
1108	aom	ɔømə	88
1109	eˈtɔŋ	əˈtoːnə	1
1110	ɐˈzamlʊŋ	ːɐˈzammlʊŋən	1
1111	plaˈniːɐˌʁaʊpə	ˈplɑːniːɾɾaopən	1
1112	ʔaː	ˈʔɑːs	1
1113	.ʃtʏk	stʏkə	3
1114	eːnfal	ɛnfɛllə	1
1115	ˈtuːkan	tuˈkanə	1
1116	p	bim	1
1117	eːbənhɔlts	ʔeːbɛnœltsɐ	1
1118	ʁˈtaɪ	ɾˈtəiːən	1
1119	oːtʃtant	ɔtstɛndə	1
1120	ʁtəˌʃlaŋə	ɾtɛʃlaŋən	1
1121	ɡlhɔʁn	gɛlœɾnɐ	1
1122	ʊntəʀʃlʊpf	ʔʊnˌtɛɾstslʏpfə	1
1123	ʁʊm(p)f	ˈɾʏmpfə	2
1124	əʁ	ɛɾn	1
1125	tsvaŋ	ˈtsvɛŋə	1
1126	ɑːn	ans	5
1127	ˈɡaɪstəsˌtsuːʃtant	gəˈʔɪstɛstsʊstɛndə	1
1128	ʃpaˈgɛti	ˈʃpakɛtis	1
1129	ˈdaːliə	dahˈliːən	1
1130	pɛlts	ˈpɛltsə	1
1131	amˈfoːʀə	ˈʔamfoɾən	1
1132	ɡɛnzəˌleːbɐ	gɛnzelebɛɾn	1
1133	kɑtɑlyzemɛçanɪsmʊs	ˈkɑːtɑlyzemɛçɑnɪsmən	1
1134	ɐˈbɪ.təʁʊŋ	ːɐˈbɪtɐʊŋən	1
1135	ʁʏkˌʃlaːk	ɾʏkʃlɛgə	1
1136	aːmənsˌfɛtɐ	ɑːmɛnsvɛtɛɾn	1
1137	çɑˈzaɽɪ	ˈçɑːzɑɾɪnnə	1
1138	ʃtuːl	ˈʃtyːlə	1
1139	fʊks	ˈfʏksə	1
1140	ˈɾɔøçɐae	ɾɔøçɐəiːən	1
1141	ˈʃʊmmelae	ʃʊmmeˈləiːən	1
1142	ɔɐ	øɾə	1
1143	eːɐkə	ɛɾkən	1
1144	ɐman	ɛɾmɛnnɐ	1
1145	on	ønə	13
1146	əlˌdʁɔsəl	ɛldɾɔszɛln	1
1147	ɑːt	ɛːdɐ	3
1148	ːnˌvɔʁt	nvœɾtɐ	1
1149	apɔˈstʁoːf	ˈʔɑːpɔstɾɔfə	1
1150	ˌpɔʁnoɡraˈfiː	pɔɾnɔgɾɑˈfiːən	1
1151	apˌvɛks.lʊŋ	ʔapˌvɛçslʊŋən	1
1152	hœɾzɑal	ˈhœɾzɛlə	1
1153	bas	ˈbɛszə	1
1154	zaːt	ˈzaːtn	1
1155	ɾx	ɽçɘn	1
1156	ɛllo	elloːs	1
1157	ɾˈmanɪ	ˈɾmɑːnɪnnə	1
1158	hɛk	ˈhɛkə	1
1159	aot	ɔøtɐ	17
1160	ats	ɛ.tsə	1
1161	ʁməl	ɾmɛln	1
1162	ˈʃveːɐhøːʀɪçkaɪt	ʃvɛɾøɾɪkˈkəiːtən	1
1163	baŋkkɛt	ˈbaŋkɛtts	1
1164	ɛ.tʃə.lɐ	axelɔɾs	1
1165	ɪtəʀɪ	eteɾɪnnə	1
1166	dɛʁmatoˈloːɡɪ	ˈdɛɾmɑtologɪnnə	1
1167	ˈʃtatbʏçɐae	ʃtatbʏçɐəiːən	1
1168	leksiˈkoː	ˈleːksikə	1
1169	çɛftɛɾɾoˈɾɪstɪ	ˈçɛftɛɾɾoɾɪstɪnnə	1
1170	ʃmalts	ˈʃmaltsə	2
1171	ˈʁeːna	ɽənən	1
1172	ːlˌtɪʃ	ltɪʃə	1
1173	blaˈmaːʒə	ˈblɑːmɑgən	1
1174	ɡəˈɛst	gəˈʔɛstə	1
1175	zɪs	ːzən	3
1176	amzəl	ʔamzɛln	1
1177	ʁaːk	ʀɛːɡə	1
1178	aˈvaːʁɪ	ˈʔɑːvɑɾɪnnə	1
1179	dominiˈkanɐɪ	ˈdoːminikɑneɾɪnnə	1
1180	ɐˈvaltʊŋsˌʔakt	ːɐˈvaltʊŋzaktə	1
1181	l	əln	1
1182	ːɐˈʔœffnʊŋ	ɐˈʔœfnʊŋən	1
1183	ˌdoːzə	dozən	3
1184	dax	ˈdɛçɐ	1
1185	ɪnˌkɪnt	eŋkɪndɐ	1
1186	ɐˈʃpɛːtʊŋ	ːɐˈʃpɛːtʊŋən	1
1187	ʊm.vɔlˌhɛmt	omvɔllɛmdən	1
1188	ʁiːtə	riːtən	1
1189	iːf	ɪfs	1
1190	ʊɾlaop	uːɐlaʊbə	1
1191	yːpnɪs	ʏbnɪszə	1
1192	ɾiːmɑ	ʀi:mas	1
1193	kaˈzaχə	ˈkɑːzɑçɘn	1
1194	ɛndə	ʔɛndən	1
1195	aʃə	ɑsçɘn	50
1196	tsaetpˈlan	ˈtsaetplɛnə	1
1197	kɔnzonantənˈʃtam	ˈkɔnzonantɛnstɛmmə	1
1198	øːl	ˈʔøːle	1
1199	ɡasthaʊs	gastɔøzɐ	1
1200	ɐlɪŋ	fɐlɪŋə	1
1201	papaˈʁatso	ˈpɑːpɑɾatsi	1
1202	ˈhɛnzelae	hɛnzeˈləiːən	1
1203	ʀiːslɪŋ	ɾiəslɪŋə	1
1204	anˌkʃt	ɛŋstə	1
1205	geːl	ɡeːlə	1
1206	ɐˈzøːnlɪçkaɪt	ːɐzønlɪçˈkəiːtən	1
1207	ʧɑ	tsçɘn	1
1208	kɔmpoˈnɪstɪ	ˈkɔmponɪstɪnnə	1
1209	ʊˌmaɪzə	omaezən	1
1210	ʀɛtə	ɾkɛtən	1
1211	ɡəˈfaːɐ	gəˈfɑɾən	1
1212	ːχˌdʁʊk	xˌdɾʊkə	1
1213	ˈbeːtɑ	fɛːɐˈzĭoːn	1
1214	tsɔpf	ˈtsœpfə	1
1215			6530
1216	fɔltsuːk	vɔlltsygə	2
1217	ʔatmiˈɾal	ˈʔatmiɾɛlə	1
1218	ɡɛlp	gəˈlps	1
1219	apt	ˈʔɛpte	1
1220	ˌbaʊm	ɛnbɔømə	1
1221	ʊnst	ʏnstə	25
1222	ːl	lə	3
1223	ʁɪlə	rɪllən	1
1224	ʀaftfaːɐtsɔɪk	ɾaftfɑɾtsɔøgə	1
1225	tastaˈtuːʁbəˌleːɡʊŋ	ˈtastɑtʊɾbelegʊŋən	1
1226	ŋˈkvɛnt	nkvuɛntən	1
1227	noˈtiːtsˌbuːχ	ˈnoːtɪtsbʏçɐ	1
1228	hɑfɛnˈməɪstɐɪ	ˈhɑːfɛnmaesteɾɪnnə	1
1229	kɑlifɔɾˈniːɐɪ	ˈkɑːlifɔɾniːɾɪnnə	1
1230	kaszɛnˈboːn	ˈkaszɛnbɔns	1
1231	aɪs	ˈaese	1
1232	ʊpˌʃtʊʁm	obstʏɾmə	1
1233	fokuˈhiːla	ˈvoːkuilɑs	2
1234	ˈɾyɾae	ɾyˈɾəiːɐ	1
1235	ˈʃpeːtsɐae	ʃpeˈtsɐəiːən	1
1236	ˈzeːənsˌvʏʁdɪçkaɪt	zeɛnsvʏɾdɪkˈkəiːtən	1
1237	ˈfɾœmmelae	fɾœmmeˈləiːən	1
1238	azi	ʔɑːszɪs	2
1239	ˈʃʁɪtɡəʃvɪndɪçkaɪt	ʃɾɪttgɛʃvɪndɪkˈkəiːtən	1
1240	əbʁoːt	ɛbrotə	1
1241	ɔx	œç	5
1242	ˈdaːʁˌbiːtʊŋ	daˈɾbiətʊŋən	1
1243	ɡəˈʃmaksˌzɪn	gəˈʃmakszɪnnə	1
1244	haostiːɐ	ˈhaʊstiːʀə	1
1245	peloˈtoːn	ˈpeːlotɔns	1
1246	ːlə	lən	4
1247	ˌkasə	kaszən	1
1248	ɐʁɪ	eɾɪnnə	14
1249	ɐˈkʀaŋkʊŋ	ːɐˈkɾaŋkʊŋən	1
1250	anʀɪçtə	ʔanˌɾɪçtən	1
1251	ʊks	ʏksə	9
1252	ʁtsˌʃtʁɛkənˌlaʊf	ɾtsstɾɛkɛnlɔøfə	1
1253	kɹɛmˌbɛɹi	tsɾanbɛɾɾys	1
1254	eˈɡoːniə	əˈgoːniːən	1
1255	ənɐɪ	eneɾɪnnə	1
1256	jemeˈniːt	ˈjəməniːtən	1
1257	mʊltiˈvɛʁzʊm	ˈmʊltivɛɾzən	1
1258	ənˌman	ɛnmɛnnɐ	1
1259	ˈɡeːɡnzats	gəgəˈnzɛtsə	1
1260	ʁɡəˈvaltiɡʊŋ	ːɐgəˈvaltɪgʊŋən	1
1261	lafstat	tɛtə	1
1262	kʊnst	ˈkʏnstə	1
1263	aŋk	ɛŋkə	28
1264	paʁaˈlyːzə	ˈpɑːɾɑlyzən	1
1265		ɪz	1
1266	ʁˈɔʁtnʊŋ	ːɐˈʔɔɾdnʊŋən	1
1267	ˈvʏstənae	vʏstənəiːən	1
1268	ɛbə	ʔɛbən	1
1269	alpˌhɔʁn	ʔalfœɾnɐ	1
1270	ə	pən	15
1271	ːzə	əsən	1
1272	ʁɔs	ˈʀɔsə	1
1273	ʀateˈɡiː	ɾɑteˈgiːən	1
1274	ʁaːχˌvɪsənʃaftlɐʁɪ	ɾaxvɪszɛnzçaftleɾɪnnə	1
1275	lammˈfiːlət	ˈlammfilɛts	1
1276	ʁzɪŋ	ɾzɪŋə	1
1277	ɛʁˌtsoːk	eːɐˌtsøːgə	1
1278	ʔɛːɐgəˈpnɪs	ɛɐˈɡeːpnɪsə	2
1279	ət	ɛts	16
1280	ˈblaʊvaːl	blaoˈvalə	1
1281	muˈtɪsmʊs	ˈmuːtɪsmən	1
1282	kœlstskˈɾants	ˈkœlstskɾɛntsə	1
1283	kʁɪst	çˈɾɪstən	1
1284	ənˌʃaftlɐʁɪ	zɛnzçaftleɾɪnnə	1
1285	ɔʃ	oːsçɘn	1
1286	ʔaofmɛɾkzamkaetsdefiˈtsiːt	hyːpeɾaktivitɛtzstøɾʊŋ	1
1287	əsɪ	ːzɪnnə	1
1288	ɡʊs	ˈgʏszə	1
1289	luːɐ	ˈluːɐə	1
1290	ɪnstalaˈtsjoː	ʔɪnstallɑˈtsĭoːnə	1
1291	ʁdəʁʊŋ	ɾdɐʊŋən	1
1292	ˈgiːsɐae	giːˈsɐəiːən	1
1293	ʔaɪs	ˈaeze	1
1294	stseːnə	ˈstsənən	1
1295	koːx	ˈkøːge	1
1296	ɡaʊɡʀaːf	gaogɾɑfən	1
1297	ɡlaːs	ˈɡlɛːzɐ	1
1298	aːdɐhaut	ʔɑːdɛɾɔøtə	1
1299	ʃtɪftˌkast	stɪftkɛstə	1
1300	ˌbʏʁɡɐʁɪ	bʏɾgeɾɪnnə	1
1301	ɾeˈpaɽiːɐɐɪ	ˈɾeːpɑɾiːɾeɾɪnnə	1
1302	.ɐˌʃpʁaːx.lə.ʁɪ	ɐˌʃpʁaːxləʁɪnə	1
1303	ɪmplanˈtaːt	ʔɪmplanˈtaːtə	1
1304	pɛɾlzçʊlt	ʔɑːmaezɛnvʏɾg	1
1305	ʃap	çʊps	2
1306	stsʊstant	tsʊstɛndə	6
1307	miˈnɪstəʀɪ	ˈmiːnɪsteɾɪnnə	1
1308	ːxʃpaɪzə	xˌʃpaezən	1
1309	ˈnɪçtʁeˌɡiːʁʊŋsɔʁɡanizaˈtsioː	nɪçtɾegiːɾʊŋzɔɾgɑnizɑˈtsĭoːnə	1
1310	ʃpalt	ˈʃpaltə	1
1311	uːxhaltəʀɪ	ʊxalteɾɪnnə	1
1312	apˌɡɔt	ʔapˌgœtɐ	1
1313	ɡlaɪçɡəˌvɪçt	glaeçgevɪçtə	1
1314	aːt	ɛːtə	1
1315	pɾʊŋkzɑal	ˈpɾʊŋkzɛlə	1
1316	ʁaʊnˌhɛmt	raonɛmdən	1
1317	taˈtaʁɪʃ	ˈtɑːtɑɾɪʃə	1
1318	ɡlaːsˌnuːdl	glasnudɛln	1
1319	vʊʁt	ˈvʊɾtən	1
1320	zɪtkɑ	fɪçtə	1
1321	ˈgiːtaɾɾə	ɡiˈtaʀən	1
1322	e	n	4
1323	ɛʁˈpʁoːbʊŋ	ʔɛːɐˈpɾoːbʊŋən	1
1324	aɪ	ˈaɪ.ɐ	1
1325	aft	ɛftə	40
1326	ʀaːtˌapfə	rɑːtɛpfe	1
1327	ʃpaɾgɛltaɾˈtsan	ˈʃpaɾgɛltaɾtsans	1
1328	annaːmə	ʔanˌnɑmən	1
1329	ˈtyːmelae	tymeˈləiːən	1
1330	ɛŋlɪʃ	ʔɛŋlɪʃə	1
1331	drɪŋk	ˈdɾɪŋks	1
1332	ʁə	ʀən	1
1333	ɪnˈzɛkt	ˈʔɪnzɛktən	1
1334	fʏʁst	ˌfʏʁstn	1
1335	ɘnɐɪ	eneɾɪnnə	1
1336	ɛŋəʁlɪŋ	ʔɛŋɐlɪŋə	1
1337	ʀɪŋ	ˈɾɪŋə	1
1338	ʁaːtˌtsaʊn	ɾɑtsɔønə	1
1339	ɑːɾ	aɾs	2
1340	ːskətˌbal	skɛtbɛllə	1
1341	tɔpf	ˈtœpfə	1
1342	gasbalˈloːn	ˈgasballɔns	1
1343	ʔaɪsbɛːɐ	aesbɛɾən	1
1344	ʔɛːɐəɪçnɪs	ɛɐˈʔaɪɡnɪsə	1
1345	ənˌʃtʁɪç	ɛnstɾɪçə	1
1346	ʁiˈvaːtdoˌtsɛnt	ɾivatdoˈtsɛntən	1
1347	ʃaʊm	ˈʃɔømə	1
1348	vaɪ	ˈvəiːən	1
1349	ɡəˈmyːzəɡəʃɛft	gəˈmyːzegɛʃɛftə	1
1350	manipuˈliːʀəʀɪ	ˈmɑːnipuliːɾeɾɪnnə	1
1351	aɪnˌɡʊs	ʔaenˌgʏszə	1
1352	ˌdemobilizaˈtsɪoː	demobilizɑˈtsĭoːnə	1
1353	oɾ	øɾə	7
1354	emɛʁˈɡɛnts	ʔemɛɾˈgentsən	1
1355	kɔnˈtakt	ˈkɔntaktə	1
1356	ˈɡaːspeˌdaːl	gaspeˈdalə	1
1357	zamt	ˈzamtə	1
1358	ˈpaɾtitsip	paɾtitsiˈpiːən	1
1359	ˈlɛɾŋkaɾtae	lɛɾŋkaɾˈtəiːən	1
1360	vaɪp	ˈvaebɐ	2
1361	meˈdʁɛsə	ˈmɛdɾɛszən	1
1362	maləˈdiːvɐʁɪ	ˈmɑːlediveɾɪnnə	1
1363	ˌhydʀoˈnyːm	ˈhʏdɾonymə	1
1364	iːp	ɪps	4
1365	ʀoːʃtɔf	ɾostɔffə	1
1366	ɔpf	œpfə	51
1367	ɐˌlɔx	mɛɾlœçɐ	1
1368	iːniə	ɪniːən	1
1369	hɛmt	ˈhɛmdn	1
1370	ˌyːbɐˈzɛtsɐʁɪ	ˈʔyːbɛɾzɛtseɾɪnnə	1
1371	ɛɪn	əɪnə	1
1372	zaχaˈʁiːt	ˈzakxɑɾidə	1
1373	pfɛʁç	ˈpfɛɾçə	1
1374	ɪnɡaŋ	enˌgɛŋə	1
1375	ˈzɔʏʁə	zɛuːɐən	1
1376	ˈaeçə	aeçɘn	1
1377	ɐblat	ɾblɛtɐ	1
1378	ˈkoːpulɑtɪfkɔmpozituːm	kopulɑtɪfkɔmpoˈziːtən	1
1379	ˌtɔx	tœç	1
1380	tɛst	ˈtɛstə	2
1381	ˌɡeoˈloːɡɪ	gəˈʔoːlogɪnnə	1
1382	ˈgaokelae	gaokeˈləiːən	1
1383	ə	n	109
1384	ˈnɪçtfɛɐˌfyːkbaːɐkaɪt	nɪçtvɛɾfʏkbaɾˈkəiːtən	1
1385	dɔkˈtʀiː	ˈdɔktɾɪnə	1
1386	ɛpˈtɪsɪ	ˈʔɛptɪszɪnnə	1
1387	ɔʁɡaˈnɪst	ʔɔɾˈganɪstən	1
1388	ʃəlˌʁuːtə	zçɛlɾutən	1
1389	hɪʁʃ	ˈhɪɾsçɘn	1
1390	ʁaːnˌbeːʁə	ɾanbəɐən	2
1391	noːɾ	gatɐ	1
1392	ɪdnˌhɛm(p)t	edɛnɛmdən	3
1393	ʔeːt	tsaɪçn	1
1394	ˌaʊtoʁiˈtɛːt	aotoɾiˈtɛːtən	1
1395	ao	ɔø	1
1396	ɐnaχtsˌblaʊ	ˌtɛɾnaxtzblaos	1
1397	ɐˌɡaʁt	ɛɾgɛɾtə	1
1398	up	ʊps	6
1399	ˈvaɾtɐae	vaɾˈtɐəiːən	1
1400	blaːx	ˈblɑːgən	1
1401	ʀʊkˈtuːɐ	ɾʊkˈtuːɐən	1
1402		.ən	5
1403	əlˌfɛlt	ˌtɛlfɛldɐ	1
1404	fiˈɡuːɐ	ˈfɪguːɐən	1
1405	aːɐɡaŋ	ɑɾgɛŋə	1
1406	ɡalˈɡant	galˈgɑntə	1
1407	ˌklɛptokʁaˈtiː	klɛptɔkɾɑˈtiːən	1
1408	t	dəs	1
1409	ʀaɪs	ˈɾaezə	1
1410	tyːɐ	ˈtyːʁən	1
1411	leːm	ˈlemə	1
1412	ˈʔɑːkso	ʔɑˈksoːnə	1
1413	tnɪs	dnɪszə	11
1414	ʁˈsklaːvʊŋ	ːɐˈsklɑːvʊŋən	1
1415	ʁˈzoː	ɾˈzoːnə	1
1416	fɑɾpˈlan	ˈfɑɾplɛnə	1
1417	vʊnʃ	ˈvʏnzçə	1
1418	ʊˌfɛnstɐˌʃaɪbə	ofɛnstɛɾzçaebən	1
1419	kɛʁl	ˈkɛɾls	1
1420	ʁikaˈtiːf	ɾikɑˈtiːfə	1
1421	apdʁʊk	ʔapˌdɾʏkə	1
1422	ʃtat	ˈʃtɛtə	1
1423	ɡə	gən	3
1424	zeː	ˈzeː.ən	1
1425	kɔpf	ˈkœpfə	1
1426	el	ɛln	280
1427	meʁɪsˈteːm	ˈmɐɪstəmə	1
1428	ʁə	ɾɾən	3
1429	ʏçə	øçɘn	1
1430	ɡɪʁˈlandə	ˈgɪɾlandən	1
1431	itɡəˌnɔsnʃaft	etgenɔszɛnstshaftən	1
1432	aˈzaːl	ɑˈzalə	1
1433	bʊʁk	ˈbʊɾgən	1
1434	ʔovaː	ʀiʊm	1
1435	ɡaʁˈneːlə	ˈgaɾnelən	1
1436	hoːxçiˈneːzɪʃ	ˈhɔxxinezɪʃə	1
1437	aɾm	ɛɾmə	8
1438	ɐɡlaːs	ɛɾglɛzɐ	1
1439	ɑs	ɛzɐ	16
1440	ʔastɪkmɑˈtɪsmʊs	ˈʔastɪkmɑtɪsmən	1
1441	ʁʊŋ	ʊŋən	2
1442	aˈmøːbə	ˈʔɑːmøbən	1
1443	ʔaʁʃ	ˈʔɛɾzçə	3
1444	anlaʊf	ʔanˌlɔøfə	1
1445	nɐʁɪ	lneɾɪnnə	1
1446	ʁakə	ɾakən	1
1447	on	ɔns	1
1448	f	vən	3
1449	mɛçanɪsmʊs	ˈmɛçɑnɪsmən	1
1450	ˈpaʁtitiːf	paɾˈtiːtiːfə	1
1451	ʁʏtmɪk	ɾhʏtmikən	1
1452	ʁɛktoɐ	ɾɛktoɾən	1
1453	ʁnzeːapaˈʀaːt	ɾnˌzeːappɑɾɑtə	1
1454	klitiˈkoːn	ˈkliːtikɑ	1
1455	ɡaʁ	gɛɾ	1
1456	ˈkolɾɑbi	koːlˈʀaːbiːs	1
1457	ɛllo	eːlloːs	1
1458	ʃlaʊχ	ˈʃlɔøçə	1
1459	aʊs	ɔɪzɐ	1
1460	deː	tsuːk	1
1461	aɪnˌaːtmʊŋ	ʔaenˌʔatmʊŋən	1
1462	mɔˈʃeː	ˈmɔʃəən	1
1463	ɡəˈʁɛːt	gəˈɾɛːtə	1
1464	ʊptˌtsɔʏɡɪ	optsɔøgɪnnə	1
1465	ɐkampf	ɾkɛmpfə	2
1466	ʊpbaʊm	obɔømə	1
1467	ʊm	ən	1
1468	aʊm	ɔɪmə	3
1469	ɡəˈmaɪnʃaft	gəˈmaenstshaftən	1
1470	ɐˈmɛsʊŋ	ːɐˈmɛszʊŋən	1
1471	ɔɪkaˈlʏptʊs	ˈɔøkɑlʏptən	1
1472	ɔʁdnʊŋsnʊmɐ	ʔɔɾdnʊŋsnʊmmɛɾn	1
1473	ˈzaɪtə	zɑiːtən	1
1474	kaʁˈtɔfəlˌtʃɪp	ˈkaɾtɔffɛlçɪps	1
1475	tsuːk	ˌtsyːɡə	1
1476	øːkozʏsˌteːm	ʔøːkozʏstəmə	1
1477	zɛlˈfiː/jə	ˈzɛlfiəs	1
1478	ʁʃal	ɾzxɛllə	3
1479	apˈtaɪ	ˈʔapˈtəiːən	1
1480	ʃlʊχt	ˈʃlʊxtən	1
1481	ɡʁaːt	ˈgɾɑːdə	1
1482	ɪmə	ʔɪmmən	1
1483	ʀoːtvaɪn	ɾɔtvəɪnə	1
1484	pə	m	1
1485	klʊft	ˈklʏftə	1
1486	anʊˈliːʁʊŋ	ˈʔannʊlˈliːɐʊŋən	1
1487	tsuːk	ˈtsyːge	1
1488	ɡəˈmyːzəˌlaːd	gəˈmyːzelɛdə	1
1489	bʁʊχ	ˈbrʏçə	1
1490	ˌmɪnaˈʁɛt	ˈmɪnaɽkɛtə	1
1491	ɪçəˈlaɪ	eçeˈləiːən	1
1492	aːl	ualən	1
1493	ˌziˈʀeːnə	ˈziːɾənən	1
1494	ɪnfʁaˈʁoːt	ˈʔɪnfɾɑɾɔts	1
1495	foːɡlˌbeːʀə	voːgɛlbəɐən	1
1496	ʁast	ˈɾastən	1
1497	ˈɡeːɡənpaːpst	gəgəˈnpɛpstə	1
1498	ɑp	aps	7
1499	k	gən	12
1500	tsaːl	ˈtsɑlən	1
1501	alk	ɛlgə	1
1502	aːɐtst	ˈɛːɐtstə	1
1503	ə	zən	3
1504	anʃlʊs	ʔanˌʃlʏszə	1
1505	sviːt	zuiːtən	1
1506	ʔaʊtoˌmaːt	aotomɑtən	1
1507	ksi	ˈksiːs	1
1508	landɛsˈmɪnɪstɐɪ	ˈlandɛsminɪsteɾɪnnə	1
1509	ɪt	edə	1
1510	ʃtʏk	ˈʃtʏkə	1
1511	ʁuːmə	ʀuːmən	1
1512	adeˈniːn	ˈʔɑːdənɪnə	1
1513	ɪnˈvɛstoɐ	ˈʔɪnvɛstoɾən	1
1514	ʊnsx	ʏnzçə	4
1515	fluːk	ˌflyːɡə	3
1516	fasˈzoːn	ˈfaszɔns	1
1517	loːt	ˈloːte	1
1518	ɪˌdʁʊk	ødɾʊkə	1
1519	ʁˈʃvɛndʊŋ	ːɐˈʃvɛndʊŋən	1
1520	ʔoɾeˈgoːnɐɪ	ˈʔoːɾegoneɾɪnnə	1
1521	ʔɪslɑˈmɪstɪ	ˈʔɪslɑmɪstɪnnə	1
1522	ˌdeːtɛkˈtiːf	de.tekˈtivə	1
1523	kandiˈdaːtɪ	ˈkandidɑtɪnnə	1
1524	ʀaɪ	ˈɾəiː/jə	1
1525	nˌkɔpf	ɛŋkœpfə	1
1526	ʃtɪft	stɪftə	1
1527	tɐɡaŋ	ˌtɛɾgɛŋə	1
1528	oːpa	ʔoːpɑs	1
1529	ʁeˈpɔʁtəʁɪ	ˈɾeːpɔɾteɾɪnnə	1
1530	ənˌʃtant	ɛnstɛndə	1
1531	ɡɐˌzoːn	gɛɾzønə	1
1532	uːˌnft	ʏnftə	1
1533	ʁaˌpʊŋkt	ɾɑpʊŋktə	1
1534	ʁɔsəl	ɾɔszɛln	1
1535	ɡlʊkə	glʊkən	1
1536	apˌfɔʏəʁʊŋ	ʔapˌfɔøɐʊŋən	1
1537	aːnʃtaɪk	ɑnstəɪgə	1
1538	lɑˈvaɽət	ˈlɑːvɑɾɛts	1
1539	ɪntʀiˈɡant	ʔɪntˈɾɪgɑntən	1
1540	aɪnˌʃɛtsʊŋ	ʔaenˌʃɛtsʊŋən	1
1541	ˈklɛmˌbʁɛt	klɛmmbrkɛtɐ	1
1542	ɪ	nɪnnə	1
1543	ʀaɪphaʊsˌɡaːs	ɾaepaosgɑzə	1
1544	goɾoˈpɪsmʊs	ˈgoːɾopɪsmən	1
1545	uːfʃlaːk	ʊfstslɛgə	1
1546	dʊnst	ˈdʏnstə	1
1547	daˌç	ˌdɛçɐ	3
1548	a	ˈʃvɑ	1
1549	çiˈʁʊʁk	ˈçiːɾʊɾgən	1
1550	ɔt	œtɐ	11
1551	klatʃ	ˈklaʧə	1
1552	ɪkəʀɪ	ikeɾɪnnə	1
1553	ʊfal	ofɛllə	1
1554	aetsbɛʃaffʊŋspɾɔgɾamm	etɪsbɛʃaffʊŋspɾɔgɾammə	1
1555	ankʏndɪɡʊŋ	ʔanˌkʏndɪgʊŋən	1
1556	ɐˈzats	ːɐˈzɛtsə	1
1557	ʊŋ	nʊŋən	1
1558	ɪpə	epən	1
1559	sç	zçə	4
1560	ʊsə	ozən	1
1561	əˈʁaɪ	ɐəiːən	1
1562	i	ys	1
1563	gəˈʃɛft	ɡəˈʃɛftə	1
1564	aˌbeːɐ	ɑbɛɾən	1
1565	kɪn	ˈkɪnnə	1
1566	ɑt	atə	1
1567	ˌapfəlˈziːnənˌzaft	ˈʔapfɛlzinɛnzɛftə	1
1568	ɡʁaːp	ˈgɾɛːbɐ	1
1569	ˈviːlgœtɐae	viːlgœtɐəiːən	1
1570	ʊŋ	lʊŋən	3
1571	alast	ɑːlɛstə	1
1572	ˌʃpaːt	zspɑtə	1
1573	apʔaːʁt	ʔapˌʔaɾtən	1
1574	ʁeˈɡaːl	ɾeˈgalə	1
1575	ɪsvaɪn	esvəɪnə	3
1576	pyˈʁiːɐˌʃtaːp	ˈpyːɾiːɾstɑbə	1
1577	çanˈzoːn	ˈçanzɔns	1
1578	ɪsmʊs	ˈʔɪsmən	1
1579	elɪˈksiːɐ	ʔeliˈksiːɾe	1
1580	zoːn	ˈzønə	1
1581	ʀiːˌfʀɔɪnt	riːffɾɔøndə	1
1582	dʁʊk	ˈdɾʊkə	1
1583	uːp	yːbe	1
1584	maʁʃ	ˈmaɾsçɘn	1
1585	ʀo	ɾos	1
1586	a	ɑtɑ	1
1587	ɑːs	ɛszə	1
1588	aː	vʊʁst	1
1589	ʁɔtsˈkɪst	ɾɔtsˈkɪstən	1
1590	vant	ˈvɑntən	2
1591	ɐ	fɛɾn	1
1592	ʀɛːə	ɾɛːən	1
1593	ɔlk	œlkɐ	6
1594	vaetstants	ˈvaetstɛntsə	1
1595	ːlʊŋ	lʊŋən	1
1596	o	ø	70
1597	ʀaʊxəʀɪ	ɾaoxeɾɪnnə	1
1598	çsˌkɛʁtsə	kskɛɾtsən	1
1599	kaɾtaeˈka	ˈkaɾtaekɛ	1
1600	pas	ˈpɛszə	1
1601	ˈhɔxstɑpelae	hɔxstɑpeˈləiːən	1
1602	ɐstˌpʀi:mas	ɾstpɾimaszə	1
1603		s	609
1604	(ʔ)aʁt	ˈʔaɾtən	2
1605	iːkʁoˌvɛlənˌheːɐt	ɪkɾovɛllɛnɛɾdə	1
1606	ɐnhɔlts	ɛɾnœltsɐ	1
1607	oktuːm	ɔktymɐ	3
1608	aɪnmɪʃʊŋ	ʔaenˌmɪʃʊŋən	1
1609	ˈdaːtənˌzɪçəʁʊŋ	daˈtɛnzɪçɐʊŋən	1
1610	lant	ˈlɛndɐ	1
1611	ant	ɛndə	181
1612	ʁˈtaːl	ɾˈtalə	1
1613	apoˈɡɛːʊm	ˈʔɑːpogɛən	1
1614	man	ˌmɛnɐ	2
1615	todɛstal	ˈtoːdɛstɛlɐ	1
1616	ʁk	ɾkə	3
1617	laɪm	ˈlaɪmə	1
1618	kaˈnoːnənˌkuːɡl	ˈkɑːnonɛŋkugɛln	1
1619	raːsnʃɪlt	ɾɑːsɛnzçɪldɐ	1
1620	.tə	tən	3
1621	a.	ɛ	1
1622	ɪndɛk	ʔɪnditsə	1
1623	knast	ˈknɛstə	1
1624	ɡaʊl	ˈgɔølə	1
1625	ənˌbaːt	lɛnbɛdɐ	1
1626	ɛmˈpfɛŋnɪsˌfɛɐˈhyːtʊŋ	ʔɛmpˈfɛŋnɪsvɛɾytʊŋən	1
1627	ankʊnftsˌtsaɪt	ʔankʊnftsˈtsəiːtən	1
1628	ˌfʁɪkaˈdɛlə	ˈfɾiːkɑdɛllən	1
1629	ʀɛŋkə	ɾɛŋkən	1
1630	ˈɡɛltʔaʊtoˌmaːt	gəˈldaotomɑtən	1
1631	ɐdoːzə	ɾdozən	1
1632	apˌʃafʊŋ	ʔapˌʃaffʊŋən	1
1633	ˈzɛləʁi	zɛlˈlɐiːən	1
1634	apfluːkˌtsaɪt	ʔapflʊkˈtsəiːtən	1
1635	fluːk	ˈflyːɡə	1
1636	ˈgɾiːçə	gɾiː/jəçɘn	1
1637	uːχ	yːçɐ	1
1638	ɪʃʊŋ	øʃʊŋən	1
1639	oːs	œsɐ	1
1640	ənˌvɪsənʃaftlɐʁɪ	ːnvɪszɛnzçaftleɾɪnnə	1
1641	deˈɪst	ˈdəɪstən	1
1642	ˈdaːzaɪn	daˈzəɪnə	1
1643	aʁkt	ɛʁktə	1
1644	ˌjaː.ʁəsˈʔɛntˌflyː.gəl.fiˌguːɐ	jɑɾezɛntflygɛlˈfɪguːɐən	1
1645	tʃɪk	ˈçɪks	1
1646	eɐ	ɪɐn	1
1647	evolutsɪoˈnɪstɪ	ˈʔeːvolutsĭonɪstɪnnə	1
1648	all	ɛllə	73
1649	tʀɔl	ˈtʀɔlə	1
1650	ɡaˈʁaːʒə	ˈgɑːɾɑgən	1
1651	ʁbə	ɾbən	3
1652	pɪmpf	ˈpɪmpfə	1
1653	ʔeː	ˌtsi(ː).gaˈʁɛ.tə	2
1654	ʁøːʁə	ɾøɾən	1
1655	ʀɔtanlaɪə	ɾɔtanlaeən	1
1656	ʁˈmɪtlʊŋ	ːɐˈmɪtˌtlʊŋən	1
1657	fɛstə	vɛstən	1
1658	biːst	ˈbiːstɐ	1
1659	kiːnspan	ˈkiːnspɛnə	1
1660	ːɐˌvɛʁt	ɾvɛɾtə	1
1661	klaŋ	ˈklɛŋə	1
1662	ˌdʊʁçˈzuːχʊŋ	ˈdʊɾtszʊxʊŋən	1
1663	lɛk	ˈlɛkə	1
1664	eːn	ɛns	1
1665	ʊss	ʰʏsə	1
1666	ʔaspiː/jə	ˈʔaspiəs	2
1667	ɐ	ʀə	9
1668	kaˈmɪlə	ˈkɑːmɪllən	1
1669	fɪʁn	ˈfɪɾnə	1
1670	kaɪl	ˈkəiːlə	1
1671	ʃtʀɪk	ˈʃtɾɪkə	1
1672	ʊsfʀaʊ	osfɾaoən	1
1673	aɾkt	ɛɾktə	16
1674	ˈʀaɪçˌvaɪtə	ɾaeçˈvəiːtən	1
1675	ɡlaɪs	ˈglaezə	1
1676	hɛʁts	ˈhɛʁtsn	2
1677	χtɪɡal	xˌtiːgallən	1
1678	ɛksˈpɛʁtə	ˈʔɛkspɛɾtən	1
1679	uːkˌʃpʀiːt	ʊkspɾiətə	1
1680	juˈʁɪst	ˈjuːɐɪstən	1
1681	halm	ˈhalmə	1
1682	ɐˌhaʊpt	ɛɾɔøptɐ	1
1683	aʁatɔn	ɑːɾatɔns	1
1684	teodiˈtseː	ˌteodiˈtseːən	1
1685	paʁɔˈksʏsmʊs	ˈpɑːɾoksʏsmən	1
1686	ɡaːs	ˈgɑːze	1
1687	veːk	ˈveːge	1
1688	ɾtsstsnɪt	ʁçˌʃnɪtə	1
1689	ˈbranxə	brançɘn	1
1690	ik	ɪtss	1
1691	ɑːzɛntlɑdʊŋsɾøɾə	asntlɑdʊŋsɾøɾən	1
1692	ɑːknɪs	agnɪszə	1
1693	ʃpɛçt	ˈʃpɛçtə	1
1694	iˈbeːʁəʁɪ	ˈʔiːbeɾeɾɪnnə	1
1695	ɡəˈʁʏçt	gəˈɾʏçtə	1
1696	ɡəˈzɛːsbakə	gəˈzɛsbakən	1
1697	ˌkɔɪlə	kɔølən	1
1698	ɛm	əmə	1
1699	hotɛlˈgast	ˈhoːtɛlgɛstə	1
1700	tsvɪʃɛntoːn	ˈtsvɪʃɛntønə	1
1701	paːpst	ˈpɛpstə	1
1702	ˈɡaɪsl	gəˈʔiːsɛln	1
1703	ʁaʊm	ˈʀɔɪmə	1
1704	ʁanˈdaːlə	ɾanˈdalən	1
1705	ˈzɛlpstzɪçɐhaɪt	zɛlpstzɪçɛɾˈəiːtən	1
1706	ˈkabelae	kabeˈləiːən	1
1707	zɛkt	ˈzɛktə	1
1708	pʁovokaˈtøːʁɪ	ˈpɾoːvokɑtɔøɾɪnnə	1
1709	ˈzɔldɑt	zɔlˈdaːtn	1
1710	apˌmaχʊŋ	ʔapˌmaxʊŋən	1
1711	ˈbɪldɛɾstʏɾmɐae	bɪldɛɾstʏɾˈmɐəiːən	1
1712	apˈtaɪl	ˈʔapˈtəiːlə	1
1713	ɪnzats	enˌzɛtsə	1
1714	oˈfiː	ɔfiːən	1
1715	ʃpʀʊŋ	ˈʃpɾʏŋə	1
1716	ːχtail	xˈtəiːlə	1
1717	ʃtuˈdɛntɪ	ˌʃtuːdɛntɪnnə	1
1718	ənˌvɪnt	nɛnvɪndə	1
1719	zçaxt	çɛçtə	1
1720	braonflygel	ʔɑːmaezɛnvʏɾgɐ	1
1721	ˈpiːk	ʔas	1
1722	ˌʃuː	tzçuə	1
1723	ˈbraoɐae	braoɐəiːən	1
1724	ʁuɡ	ɾyːgə	1
1725	gəˈzɛllə	ɡəˈzɛln	1
1726	ɐˈfasʊŋ	ːɐˈfaszʊŋən	1
1727	ˈzeːkʊndə	zeˈkʊndn	1
1728	əˌɡɛlt	egɛldɐ	1
1729	(ʔ)ɔʁt	ˈʔœɾtɐ	2
1730	ˌhoːzə	ozən	1
1731	lak	ˈlakə	1
1732	pfk	kʊnst.ʃtɔf	1
1733	kaˈʀaktɐˌloːsɪçkaɪt	çɑɾaktɛɾlozɪkˈkəiːtən	1
1734	ʃoːs	ˈʃøːsə	1
1735	ˈkɑːɾɑvanzɐae	kɑɾɑvanˈzɐəiːən	1
1736	ɐnnaːdl	ɛɾnnɑdɛln	1
1737	ʁnˌʁøːʁə	ɾnɾøɾən	1
1738	ətɪ	etɪnnə	1
1739	ɑn	ɛnə	20
1740	ʃtoːs	ˈʃtøːsə	1
1741	ɐˌʃaɪbə	ɛɾzçaebən	1
1742	ˈɡeːstə	gəˈʃtən	1
1743	kaˈjyːtə	ˈkɑːjytən	1
1744	i	lis	1
1745	oːɐ	ˈoːʀən	1
1746	ʀiːksʃaʊplats	ɾiːkszçaoplɛtsə	1
1747	ʁøːtə	ʀøːtn	2
1748	ol	ɔls	1
1749	ɡəˈmyːzəhandlʊŋ	gəˈmyːzeandlʊŋən	1
1750	apˌkʏʁtsʊŋ	ʔapˌkʏɾtsʊŋən	1
1751	dɔk	ˈdɔks	1
1752	ɡɔtəsˌhaus	gɔtɛsɔøzɐ	1
1753	ːɐʃvaɪn	ɾstsvəɪnə	1
1754	vaːl	ˈvaːlən	1
1755	ɑːlɛʃə	aləsçɘn	1
1756	ˈɡeːpaʁt	gəˈpaɾdə	1
1757	uːnifɔʁm	ʔʊnˌʔiːfɔɾmən	1
1758	ʁˌvʊʁf	ɐˌvʏɾfə	1
1759	s	zən	11
1760	huːt	ˈhuːtən	1
1761	amɐ	ʔammɛɾn	1
1762	poˈnɪst	ˈpoːnɪstən	1
1763	balˈlkɛt	ˈtɛntsɐɪn	1
1764	ʁɛmzə	rɛmzən	2
1765	fiˈnaːl	ˈfiːnals	1
1766	ʊs	ʏszə	1
1767	at	ɛte	1
1768	çiˈʁʊʁɡɪ	ˈçiːɾʊɾgɪnnə	1
1769	fɛɐˌtsvɛːɐɡʊŋ	vɛɾtsvɛɾgʊŋən	1
1770	apzɪçt	ʔapˌzɪçtən	1
1771	ənʃtraʊs	ɛnstɾɔøsə	1
1772	ʁnblaːzə	ɾnblɑzən	1
1773	hɔxlant	ʔɑːmaezɛnvʏɾgɐ	1
1774	ʁɪndə	ɾɪndən	1
1775	ɪmhaʊt	emɔøtə	1
1776	leˈpɔntɪʃ	ˈleːpɔntɪʃə	1
1777	eːʀənˌmɔʁt	ʔeɾɛnmɔɾdə	1
1778	aɪnhaɪtspaʁˌtaɪ	ʔaenhaetspaɾˈtəiːən	1
1779	p	bən	3
1780	uːs	yːsə	3
1781	dɛlˈfiːn	ˈdɛlfɪnə	1
1782	ˌbɔʁt	bɔɾdə	1
1783	ʊptˌtsɔʏɡə	optsɔøgən	1
1784	moːnt	ˈmɔndən	1
1785	ʁʃbaʊm	ɾstsbɔømə	1
1786	ofə	ʊfən	1
1787	ʁtnʃpiːl	ɾtɛnspiːlə	1
1788	sanlaɪə	zanlaeən	1
1789	oːtfal	ɔtfɛllə	1
1790	glo	kloːs	1
1791	oːk	ɔks	3
1792	zɑːn	maɽɪnəsə	1
1793	ɪnʀɪçtʊŋ	enˌɾɪçtʊŋən	1
1794	apˌnaːmə	ʔapˌnɑmən	1
1795	ʃʊs	ˌʃʏszə	1
1796	ɪçə	eçɘn	1
1797	ʁʃə	ɾsçɘn	1
1798	ɡaɪs	gəˈʔiːsən	1
1799	ːbə	ɾbən	1
1800	ˈkhɑːn	kˈhanə	1
1801	up	ybə	1
1802	ʃlam	ˈʃlɛmmə	1
1803	zɪms	ˈzɪmzə	1
1804	aɐtst	ɛɐtstə	1
1805	is	ən	1
1806	oə	ʊən	1
1807	fɛstiːfal	ˈfɛstivals	2
1808	nɑˈtsĭoːnalɪstɪ	ˈnɑːtsĭonɑlɪstɪnnə	1
1809	ʀaɪs	ˈɾaezɐ	1
1810	zɛgɛspan	ˈzɛːgɛspɛnə	1
1811	t	də	423
1812	ʃtɛʁn	ˈʃtɛʁnə	1
1813	ʁaŋkənˌhaʊs	ʀaŋknhɔɪzɐ	1
1814	psyçoˈloːɡə	ˈpsʏçologən	1
1815	ˈfylsduzelae	fylsduzeˈləiːən	1
1816	ʔoligopoˈlɪstɪ	ˈʔoːligopolɪstɪnnə	1
1817	aːnˌkʁɛːm	ɑntsɾəməs	1
1818	ʁtˌklʊp	ɾtklʊps	1
1819	vaɪə	ˈvaeən	1
1820	ˈgɛɾtnɐae	gɛɾtˈnɐəiːən	1
1821	ɐʁɪ	leɾɪnnə	1
1822	ʃtaʊp	ˈʃtɔøbə	1
1823	uːm	ymɐ	9
1824	topoˈnyːm	ˈtoːponymə	2
1825	ʀaɪphɔlts	ɾaepœltsɐ	1
1826	ʔɪntˈɾanət	ˈʔɪntɾɑnɛts	1
1827	ʁɔk	ˈʀœkə	1
1828	ɐˌlɪpə	ɛɾlɪppən	1
1829	foːto	ˈfoːtos	2
1830	ʁtʃaftsˌvɪsənʃaft	ɾtzçaftsvɪszɛnstshaftən	1
1831	ɔməˈʁantsə	oˈmɐantsən	1
1832	hɛˈleːnə	ˈhɛllənən	1
1833	ˌteːləˈfoːn	ˈteːləˈfoːnə	1
1834	ʀakˈtuːɐ	ɾakˈtuːɐən	1
1835	ʀaɪt	ˈɾəiːtə	1
1836	aʊf	ɔɪfə	3
1837	vaˈloːnɪʃ	ˈvallonɪʃə	1
1838	athɛˈzɪoː	ʔatɛˈzĭoːnə	1
1839	ˈɡeːɡnʊŋ	gəˈgnʊŋən	1
1840	ˈhɑːfɛɾbrae	hɑfɛɾbrəiː/jə	1
1841	paˈlɛtə	ˈpalkɛtən	2
1842	ɪə	eən	1
1843	ə	m	12
1844	yˈdʁant	ʏdɾɑntən	1
1845	lˌlaʊf	fɛllɔøfə	1
1846	ˈʃlɛːgɐae	ʃlɛˈgɐəiːən	1
1847	apˌʃʁaɪbʊŋ	ʔapˌʃɾaebʊŋən	1
1848	ɡəˈvaːɐzaːm	gəˈvɑɾzaːlə	1
1849	ʃtʊm(p)f	ˈʃtʏmpfə	2
1850	apˌfɪndʊŋ	ʔapˌfɪndʊŋən	1
1851	ʁkʊŋ	ɾkʊŋən	3
1852	ːsbant	sbɛndɐ	1
1853	ˌʊntɐˈneːmənsˌanlaɪə	ˈʔʊnˌtɛɾnemɛnzanlaeən	1
1854	iˈɡʀant	ɪgɾɑntən	3
1855	ˈdɾʊkɐae	dɾʊkɐəiːən	1
1856	ɡʁabəlˌtɪʃ	gɾabɛltɪʃə	1
1857	ːɐdə	ɾdən	1
1858	ˌɔʏçaʁɪsˈtiː	ɔøçaɽɪstiːən	1
1859	anˌnɛːəʁʊŋ	ʔanˌnɛːɐʊŋən	1
1860	ˌøkoˈloːɡə	ˈʔøːkologən	1
1861	ətɪn	etɪns	1
1862	juˈnoː	ˈjuːnos	1
1863	ənˌtsaːn	ɛntsɛnə	1
1864	ˌlɔtəˈʁiː	lɔtɐiːən	1
1865	ɪçhɔlts	eçœltsɐ	1
1866	ɡeneˈʀaːlˌʃtraɪk	gəˈneːɾalstɾaeks	1
1867	ʀaːsnˌbaː	ɾɑːsɛnbɑnə	1
1868	fɛːɐˈfallsdɑtuːm	ˈdaːtn	1
1869	ʔoːne	nɪkt	1
1870	ˈkoːmik	hɛft	1
1871	çə	/jəçɘn	1
1872	lˌfɪʃ	ɛlfɪʃə	1
1873	ɪlant	elandə	1
1874	ɛkə	ʔɛkŋ	1
1875	aːɐt	ɛːɐtə	1
1876	ateriaːl	ɑteɾialiːən	1
1877	luziˈtaːnəʁɪ	ˈluːzitɑneɾɪnnə	1
1878	vaɾtezɑal	ˈvaɾtezɛlə	1
1879	antə	ɑntən	1
1880	apˌsaːɡə	ʔapˌzɑːgən	1
1881	øt	ʏtə	1
1882	ˈfoːɐ	ʃpaɪzə	1
1883	ɪnəhʊnt	eneʊndə	1
1884	bɑːdən	vʏɾttɛmbɛɾgɐ	1
1885	ɔɐ	oɾən	1
1886	huːn	ˈhyːnɐ	1
1887	laeaɾˈbəiːtɐɪ	ˈlaeaɾbaeteɾɪnnə	1
1888	tsɪmˈbal	ˈtsɪmbals	1
1889	ˈɾəiːtɐɪ	ˌɾaeteɾɪnnə	1
1890	ɪlbʊt	elbʊtə	1
1891	anst	ɛnstə	1
1892	ʀeːʊŋ	ɾeːʊŋən	1
1893		ɘn	10
1894	zaskatxeˈvanɐɪ	ˈzaskatxevɑneɾɪnnə	2
1895	ˈtɪʃlɐae	tɪʃˈlɐəiːən	2
1896	ɡʁʊntɡəˌzɛts	gɾʊntgezɛtsə	2
1897	ˈɪndikatiːf	ʔɪndikɑˈtiːfə	1
1898	apˌflʊs	ʔapˌflʏszə	1
1899	pyˈdʒaːma	ˈpyːjɑmɑs	1
1900	pʏt	ˈpʏtə	1
1901	ant	ɑntə	1
1902	ɾɛfleˈksĭoː	ʀeflɛˈksɪoːnə	1
1903	buːk	ˈbyːge	1
1904	aotomɑtɛnˈzaloːn	ˈaotomɑtɛnzɑlɔns	1
1905	aɪstə	əɪstən	1
1906	bluːt	ˈbluːtə	1
1907	ʁzə	ɾzən	1
1908	eɾɑ	ɐən	1
1909	oːm	ˈʔome	1
1910	k	tss	1
1911	ˈbael	bəiːlə	1
1912	ʁaːxˌvɪsnʃaft	ɾaxvɪszɛnstshaftən	1
1913	ʀaɪtbaɪleːɡʊŋ	ɾaetbaelegʊŋən	1
1914	alk	ɛlgɐ	1
1915	ˌdɪskʁeˈpants	dɪskɾeˈpantsən	1
1916	ˈlɛmaˌlɪstə	lɛmˈmalɪstən	1
1917	y	iəs	3
1918	ʁməʁɪ	ɾmeɾɪnnə	1
1919	ɡəˈʃɔs	gəˈʃɔszə	1
1920	vaszɛɾˈkloːskɛt	ˈvaszɛɾklozɛtts	1
1921	zʊxt	ˈzʊxtən	1
1922	ʁɪŋpfeːɐt	ɾɪŋpfɛɾdə	1
1923	ˈkɔntsɛpt	kɔnˈtsɛptə	1
1924	aːɡina	ɑːgɪnən	1
1925	ˈkɔstɑ	ɾiˈkanɐ	1
1926	vaɪsˈʀʊsɪʃ	ˈvaesɾʊszɪʃə	1
1927	ʔɛpsiːloːn	ˈʔɛpsilɔns	1
1928	ɪtsəʀɪ	etseɾɪnnə	1
1929	peʁiˈheːl	ˈpeːɾielə	1
1930	ˈnɑːto	dʁaːt	1
1931	ʃtʊʁts	ˈʃtʏɾtsə	1
1932	eːne	ənən	1
1933	fiːɐ	ˈviːɾen	1
1934	ov	ɔvs	3
1935	ˈtsioː	ːtĭoːnə	1
1936	gɾʊnˈtoːn	ˈgɾʊntønə	1
1937	dɪsˈkɔntˈʀɛçnʊŋ	ˈdɪskɔntɾɛçnʊŋən	1
1938	lˌpʊŋkt	ˌtɛlpʊŋktə	1
1939	ʊɾst	ʏɾstə	17
1940	fœlkɐˌvandəʁʊŋ	vœlkɛɾvandɐʊŋən	1
1941		im	1
1942	ˌtsaɪt	tsaɪtən	1
1943	ɑːtɐ	atɾəs	3
1944	ˈpɾɔpɾiːtɛɾ	zɔftˈvaɽ	1
1945	dɛp	ˈdɛppən	1
1946	luziˈtaːnɪʃ	ˈluːzitɑnɪʃə	1
1947	ʊksə	uːksən	1
1948	aʊfˌlaːɡə	ʔaofˌlɑːgən	1
1949	ɛʁˈliːnəʀɪ	əˈɾliːneɾɪnnə	1
1950	lezezɑal	ˈleːzezɛlə	1
1951	ə	lən	12
1952	ofoˈbiː	ɔfoˈbiːən	1
1953	maːl	ˈmɑːle	1
1954	ʁaʊfəˈʁaɪ	ɾaoˈfɐəiːən	1
1955	ət	etɑ	1
1956	ˈliːbnsˌvʏʁdɪçkaɪt	liːbɛnsvʏɾdɪkˈkəiːtən	1
1957	pɑɾɑˈvɛnt	ˈpɑːɾɑvɛnts	2
1958	ˈleːˌɡuaːn	leguanə	1
1959	ɪttsaːl	etsɑlən	1
1960	moˈdɛl	pɾɛzɛntɑˈtsĭoːn	1
1961	ˈdeːtɛɾminɑtɪfkɔmpozituːm	detɛɾminɑtɪfkɔmpoˈziːtən	1
1962	ɔpst	œpstə	1
1963	mɛʁts	ˈmɛɾtsə	3
1964	laʊs	ˈlɔɪzə	1
1965	ɐˈmʊmʊŋ	ːɐˈmʊmmʊŋən	1
1966	ˌdeːfaʊˈdeː	ˈʃpiːlɐ	1
1967	apˌtʁɛnʊŋ	ʔapˌtɾɛnnʊŋən	1
1968	ʊxə	uçɘn	5
1969	izeˈmiː	yˈzəmiːən	1
1970	naˈnɪst	ːnanɪstən	1
1971	ʃtɪʁ	ˈʃtɪʁnə	1
1972	zaˈtiːʁə	ˈzɑːtiɾən	1
1973	pʁoɡʁaˈmiːʁɐʁɪ	ˈpɾɔgɾammiːɾeɾɪnnə	1
1974	zɑniˈtɛːtɐɪ	ˈzɑːnitɛteɾɪnnə	1
1975	tɪŋ	ˈtɪŋə	1
1976	ːɐˌʃtɛlʊŋ	ɾstɛllʊŋən	1
1977	gɾiːçɪʃə	miːnʊskɛlstsɾɪft	1
1978	ˌtuːχ	ʏçɐ	1
1979	taˈbɛlə	ˈtɑːbɛllən	1
1980	dɔʁ	ˈdɔɾnə	1
1981	ənsˌmɪtəlˌlaː	ɛnsmɪtɛllɛ	1
1982	ˈhɛlɪçkaɪt	hɛllɪkˈkəiːtən	1
1983	bʀɔˈʃyːʀə	ˈbrɔʃyɾən	1
1984	aɪnʃtiːk	ʔaenˌʃtiːgə	1
1985	ʃalɐɪ	ˈʃɑːleɾɪnnə	1
1986	ʃtɔk	ˈʃtœkə	1
1987	ʁɛçˌkapsl	ɾɛçkapsɛln	1
1988	kɔntʁaˌbas	bɛszə	1
1989	muˈʀɛːnə	ˈmuːɾɛnən	1
1990	ˈbeːtɑ	bəˈtɑːs	1
1991	ʃtɪmʊŋ	ˌʃtɪmmʊŋən	3
1992	ʃɔpf	ˈʃœpfə	1
1993	ʃantsɐɪ	ˈʃantseɾɪnnə	1
1994	əʁi	leɾiəs	1
1995	haʁˈpuːnə	ˈhaɾpunən	1
1996	ek	ɛks	7
1997	aɐʃbakə	ʔaɾstsbakən	1
1998	buːbə	ˈbuːbən	1
1999	zaːt	ˈvʊxɛɾblumə	1
2000	anɡəzɪçt	ʔangəˌzɪçtɐ	1
2001	ʁa(x)ˈmaːnə	rɑˈmanən	2
2002	ɛʁˈfɪndəʁɪ	ʔɛːɐˈfɪndeɾɪnnə	1
2003	aːdlbaʊm	ɑːdɛlbɔømə	1
2004	ɐ	ɾen	3
2005	ʏɡnʊŋ	øgnʊŋən	1
2006	maɡˈneːt	ˈmagnətən	1
2007	əl	mɛln	1
2008	aːnhoːf	ɑnøfə	1
2009	oːɡə	øːɡ	1
2010	ɡlaːsˌbleːzɐʁɪ	glazblɛzeɾɪnnə	1
2011	ɡəˈnɔsə	gəˈnɔszən	2
2012	ˈʃpeːtsiɛs	ʃpeˈtsiːən	1
2013	ʔoːne	mɑːn	1
2014	apflfʀʊχt	ʔapfɛlfɾʏçtə	1
2015	denʊŋs	h	1
2016	ʁaɪˌzɛtsʊŋ	ɾaezɛtsʊŋən	1
2017	ˌfoːɡ	vøge	1
2018	kaszɛnpɑtiɛntɪ	ˈkaszɛnpɑtiːntɪnnə	1
2019	ɪntʀaʊbə	entɾaobən	1
2020	ˈtyːɾannae	tyɾanˈnəiːən	1
2021	tseː	ˈtseːən	1
2022	pʏtoːn	ˈpʏtɔns	2
2023	kalpsˈfiːlət	ˈkalpsfilɛts	1
2024	ʀʏstʊŋ	rʏstʊŋən	1
2025	ʃtʀaʊs	ˈʃtɾaosə	1
2026	ʔiːmɑgə	pɾɔbləm	1
2027	epiˈtaːf	ˈʔeːpitafə	1
2028	ˈbakɑlaoɾɔøs	bakɑlɑuːɐae	1
2029	gebiət	ɡəˌbiːtə	1
2030	dɪŋ	ˈdɪŋə	1
2031	rorˈɪst	ɾɾoˈɾɪstən	1
2032	ɡʁʊnt	ˈɡʀʏndə	1
2033	zaːl	ˈzɛːlə	1
2034	ˌtaːk	tɑgə	1
2035	ɪlɪgtʊm	elɪktymɐ	1
2036	aˈtuːɐtaˌlɛnt	ɑtʊɾˈtalɛntə	1
2037	ˌɡeːnəʁaˈtsioː	gəneɾɑˈtsĭoːnə	1
2038	pfant	ˈpfɛndɐ	2
2039	ˈveːɐtpapiːɐ	vɛɾtpɑˈpiːɾe	1
2040	ant	ɛndɐ	64
2041	pˌʔamə	bammən	1
2042	jɑːvɑ	nasɔɾn	1
2043	vɛʁk	ˈvɛɾkə	1
2044	ɔŋ	oːnə	1
2045	anˌɡaːbə	ʔanˌgɑːbən	1
2046	aʊs.ʃlʊs.ka.te.ɡoˌʀiː	ʔaosʃlʊsskɑtegoˈɾiːən	1
2047	ˈmuːmiə	muˈmiːən	1
2048	ʁyːdə	ɾyːdən	1
2049	ˌbʏksə	bʏksən	1
2050	enbrant	ɪnˌbʀɛndə	1
2051	dɾɔpdɔvn	lɪstə	1
2052	ːnə	nən	4
2053	ʔɑˈtoːn	ˌʔɑːtɑ	1
2054	ʁɪʃ	ɾɪʃə	3
2055	pʁiˌmaːtoˈloːɡɪ	ˈpɾiːmɑtologɪnnə	2
2056	ʔɑmeɾiˈkanɐɪ	ˈʔɑːmeɾikɑneɾɪnnə	1
2057	ɑːn	ɛːnə	3
2058	ʔʊsp	ʃtɪk	1
2059	ɑl	ɛlə	8
2060	vant	ˌvɛndə	1
2061	oːs	øːsə	7
2062	ʃʊlˈləiːtɐɪ	ˈʃʊllaeteɾɪnnə	1
2063	ˈpɾɔbləm	pʀoˈbleːmə	1
2064	əvɔʁt	evœɾtɐ	1
2065	hoʁiˈtsɔnt	ˈhoːɾitsɔntə	1
2066	at	ɛːtə	1
2067	ʁabə	ɾabən	1
2068	ç	gən	3
2069	ˈdɑːme	daˈmən	1
2070	homoˈnyːm	ˈhoːmonymə	1
2071	aːkɐˌlaːk	ɑːkɛɾlɑkən	1
2072	lˌʔoːfɱ	eløfən	1
2073	mandoˈliːnə	ˈmandolɪnən	1
2074	əlɪŋ	eːlɪŋs	1
2075	əməsɐɪ	ˈʔeːmezeɾɪnnə	1
2076	tʀaŋk	ˈtʀɛŋkə	1
2077	anfluːk	ʔanˌflyːgə	1
2078	ʃəˌnɛʀi	tsĭonɑɾys	1
2079	brɔtˈka	ˈbrɔtkɛ	1
2080	lɔʏ	ˈlɔøən	1
2081	ːʁəʁɪ	ɾeɾɪnnə	1
2082	ʁeˈbɛlɪ	ˈɾeːbɛllɪnnə	1
2083	hɔltsˈʃnɪt	ˈhɔltsstsnɪtə	1
2084	ˈʔeːksil	ʔeˈksiːlə	1
2085	riˈvaːtʔanɡəleːɡənhaɪt	ɾivɑtaŋelegɛnˈəiːtən	1
2086	ɡəˈzɛtsəsˌyːbɐˈtʀeːtʊŋ	gəˈzɛtsezybɛɾtɾətʊŋən	1
2087	ʃtʁʊm(p)f	ˈʃtɾʏmpfə	2
2088	ɡʏmˈnaːziʊm	gʏmnɑˈziːən	1
2089	kɔʁɛspɔnˈdɛntɪ	ˈkɔɾɾɛspɔndɛntɪnnə	1
2090	œʁi	ʊɾɾys	1
2091	ʁtlɐʁɪ	ɾtleɾɪnnə	1
2092	ʀʊmpfˌhoːzə	ɾʊmpfozən	1
2093	ːʀə	ɽən	1
2094	hoˈlʊndɐbʊʃ	ˈhoːlʊndɛɾbʏʃə	1
2095	ɛrpstvɪnt	eːɐˌpstvɪndə	1
2096	politoˈloːɡə	ˈpoːlitologən	1
2097	knaeˈpiːɐ	ˈknaepiːɾs	1
2098	ʀeː	ˈɾeːe	1
2099	ˌfall	fɛlə	1
2100	vaenaxtskˈɾants	ˈvaenaxtskɾɛntsə	1
2101	kɛʁl	ˈkɛɾlə	1
2102	moleˈkyːl	ˈmoːlekylə	1
2103	ɡəˈʃɛftsˌʁaɪzə	gəˈʃɛftsɾaezən	1
2104	kɛtɐ	ɛtɛɾn	3
2105	ʃvam	ˈʃvɛmmə	1
2106	oːn	ønə	1
2107	ak	ɛkə	24
2108	ɐɡlaːs	ɾglɛzɐ	1
2109	klɛks	ˈklɛksə	2
2110	tuːm	ːtɑ	3
2111	l	fɛln	1
2112	ˌbeːʁəʁɪ	beɾeɾɪnnə	1
2113	ʀzʊm	ʁzn	1
2114	aːnˌʃmɛʁts	ɑnstsmɛɾtsən	1
2115	ɛgə	ʔɛgən	1
2116	kaˈmiːn	ˈkɑːmɪnə	1
2117	aːnənˌfuːs	ɑnɛnfysə	1
2118	ʀaʊm	ˌʀɔɪmə	1
2119		nən	180
2120	əˌmɪlbə	emɪlbən	1
2121	fɛŋəʀɪ	ˌfɛŋeɾɪnnə	1
2122	ɡəˈʁaːdə	tsaːl	1
2123	blɪts	ˈblɪtsə	1
2124	ənˈnaːɡ	ɛnnɛge	1
2125	ʁaʊ	ʀaʊən	4
2126	ʊɡənˌaʁtst	ogenɛɾtstə	1
2127	ːtzaxnfɛɐˌdʀeːʊŋ	tzaxɛnvɛɾdɾeʊŋən	1
2128	um	ymɐ	5
2129	pɾɛziˈdɛntɪ	ˈpɾɛːzidɛntɪnnə	1
2130	ʁʏkfaːʁkaʁtə	ɾʏkfɑɾkaɾtən	2
2131	ˈtsɪtɐˌʔaːl	tsɪteɾɑalə	1
2132	daɪç	ˈdaeçə	1
2133	nuːɐ	ˈnuːɐən	1
2134	ʁika	ɾikɑs	1
2135	ɔʃ	œʃə	4
2136	pyʁaˈtsiːn	ˈpyːɾɑtsɪnə	1
2137	ʊbə	obən	1
2138	ʁˈvantʃaft	ːɐˈvanttstshaftən	1
2139	ʃtʁaˈpaːtsə	ˈʃtɾɑːpɑtsən	1
2140	deˈmiː	ˈdəmiːən	1
2141	ʊnˌɡlʏk	ʔʊnˌglʏkə	1
2142	ːχˌʔɛfʊŋ	xˌʔɛffʊŋən	1
2143	taʊ	ˈtaos	1
2144	pat	ˈpatts	1
2145	nˌɡɛlt	ɛŋɛldɐ	1
2146	əˌpʊŋkt	epʊŋktə	1
2147	p	bə	46
2148	.no.loˈɡiː	noloˈgiːən	1
2149	veː	ˈveːe	1
2150	ˈʃɪff	faːɐt	1
2151	ɡəboːt	gəˌboːtə	1
2152	ɑk	ɛgə	62
2153	ɪgɪ	igɪnnə	5
2154	aˈziː	ɑˈziːən	1
2155	hɛft	ˈhɛftə	1
2156	ənʔʊntɐɡaŋ	nenʊntɛɾgɛŋə	1
2157	ˈʔuːni	tɛs	2
2158	pfɪf	ˈpfɪfə	1
2159	ɛʃə	əsçɘn	3
2160	bɛːɐ	ˈbɛːɾe	1
2161	zɑlatˈbaɽ	ˈzɑːlatbaɾs	1
2162	ɔødɛˈmoːnɪstɪ	ˈɔødɛmonɪstɪnnə	1
2163	oːtˌzʏndə	ɔtzʏndən	1
2164	faːɐt	ˈfaːɐtn	1
2165	ɡəˈdaŋkənˌʃtʁɪç	gədaˈŋkɛnstɾɪçə	1
2166	oːɾ	øːɾə	1
2167	ʁʃʊŋ	ɾzxʊŋən	1
2168	ʃaenaŋliˈtsɪsmʊs	ˈʃaenaŋlitsɪsmən	1
2169	ʀaɪptɪʃ	ɾaeptɪʃə	1
2170	moːn	ˈmonə	1
2171	ˈʃafnhaɪt	ʃaffɛnˈəiːtən	1
2172	ʔaɾɾaŋəmɛnt	ˈʔaɾɾaŋemɛnts	1
2173	blɔk	ˈblœkə	1
2174	lam	ˈlɛmmɐ	1
2175	eːˌmaɪlə	əəməiːlən	1
2176	naːmə	ˌnɑmən	1
2177	ʁɛˈzɛnt	ɾɛˈzɛntə	1
2178	əʀʊŋ	ɐʊŋən	3
2179	mɛɾkel	ɾaotə	1
2180	ʃlɪk	ˈʃlɪkə	1
2181	ɔlf	œlfə	12
2182	ɑn	ɛːnə	1
2183	çiˈneːzə	ˈçɪnəsən	1
2184	ʃats	ˈʃɛtsə	1
2185	yːbɐˌblɪk	ʔyːbɛɾblɪkə	1
2186	laɪç	ˈlaɪçə	1
2187	knɪs	gnɪszə	8
2188	eːdiɡʊŋ	ɛːdɪgʊŋən	1
2189	ːnˌybɐzɛtsʊŋ	nybɛɾzɛtsʊŋən	1
2190	faxjaɾˈgoːn	ˈfaxjaɾgɔns	1
2191	ˈtsuːˌk	ˌtsyːgə	6
2192	ɾɪtə	ʁɪtən	1
2193	doˈmeːnə	ˈdoːmɛnən	1
2194	ˈʔeːɛbrɛçɐae	ʔeɛbrɛçɐəiːən	1
2195	kɔmuˈnɪstɪ	ˈkɔmmunɪstɪnnə	1
2196	tsɛntʁiˈfuːɡə	ˈtsɛntɾifugən	1
2197	fɛʁs	ˈfɛʁzə	1
2198	vaespʊŋkt	bʊntbaɾsx	1
2199	ʃtɛːtiɡʊŋ	sˈtɛːtɪgʊŋən	1
2200	ˈvaɪsˌbiːɐ	vaesˈbiːɾe	1
2201	aenaeçə	əɪnaeçɘn	1
2202	ˌyːbəʁˈvaχʊŋ	ˈʔyːbɛɾvaxʊŋən	1
2203	kɔmˈplɛks	ˈkɔmpleksə	1
2204	ʊmlaʊt	ʔʊmˌlaotə	1
2205	ɡəˈnɪk	gəˈnɪkə	1
2206	apaˈʀaːt	ˈʔappɑɾɑtə	1
2207	ʰiːf	iːfə	1
2208	aʊsˌnaːmə	ʔaosˌnɑmən	1
2209	ɡəˈvɪçt	gəˈvɪçtə	1
2210	ˈfɪndelae	fɪndeˈləiːən	1
2211	ɾɪndɛɾˈfiːlət	ˈɾɪndɛɾfilɛts	1
2212	aʊfɛʁˈʃteːʊŋ	ʔaofʔɛːɐˌʃteːʊŋən	1
2213	ɡlaːs	glɛzɐ	1
2214	ɪɡəntuːm	egɛntymɐ	1
2215	njak	gnɑkə	1
2216	eːɐtʊŋ	ɛɾtʊŋən	1
2217	luːɐ	ˈluːɐən	1
2218	ʊʃ	ʏʃə	1
2219	ˈvaːkˌʃaːlə	vaːkzçalən	1
2220	ːbɐvʊʁst	bɛɾvʏɾstə	1
2221	ʔɑmɑˈtsoːniːən	ˈtɾɔpfenɑmaezɛnvʏɾgɐ	1
2222	vɪsɐʃaft	ˌvɪszɛɾstshaftən	1
2223	ɔʁtoˈlaːn	ʔɔɾtoˈlanə	1
2224	aɾtst	ɛɾtstə	9
2225	priˈvaːtʃtʀaːsə	ˈpɾiːvatstɾɑsən	1
2226	vaʁm	ʃvɛɾmə	1
2227	mɪndɛstlon	løːnə	1
2228	vɔlf	ˈvœlfə	1
2229	ɑːbeɾ	apʔɛːɐˌs	1
2230	lant	ˈlandə	1
2231	lˌuːɐ	eluɾən	1
2232	ʁaːt	ɾɛdɐ	1
2233	ʁənˌʃtaɪn	ɾɛnstəɪnə	1
2234		ɑ	5
2235	aɪntʁak	ʔaenˌtɾɛːgə	1
2236	ˌdetɛʁmiˈnantə	detɛɾˈmɪnɑntən	1
2237	al.faˈbeːt	ˈʔalfɑbətə	1
2238	mɔʁt	ˈmɔɾdə	1
2239	bʊt	ˈbʊtə	1
2240	ˈaeɾiɾ	ʔɑuːɐaɽ	2
2241	ˈmoːʀa	moːɐn	1
2242	laˈkrɪts	ˈlakɾɪtsə	1
2243	ʊɡənˌɛʁtstɪ	ogenɛɾtstɪnnə	1
2244	zʊŋ	sʊŋən	2
2245	iːks	ɪksə	1
2246	ˈhandəlsmaˌʁiːnə	handɛlsˈmaɽɪnən	1
2247	ʁɛçʊŋ	ɾɛçʊŋən	1
2248	ʁɔɪtsˌbaɪn	ɾɔøtsbəɪnə	1
2249	ɡɛlt	gɛldɐ	3
2250	ʁiːfə	ɾiːfən	1
2251	ɡəˈdɛç(t).nɪs	gəˈdɛçtnɪszə	2
2252	t	dɐ	1
2253	t	dɐ	194
2254	vɪɾkmɛçanɪsmʊs	ˈvɪɾkmɛçɑnɪsmən	1
2255	ʔoːdeɾ	gatɐ	1
2256	eːɡəʁɪç	ɛkʔɛːɐˌʔɪçə	1
2257	ot	ɔts	13
2258	aːjak	ɑːjaks	1
2259	toːɐ	ˈtoːʀən	1
2260	tsvɛk	ˈtsvɛkə	1
2261		leɾɛmtɐ	1
2262	klʊp	ˈtslʊps	1
2263	ɑ	ən	39
2264	zaɪl	ˈzaɪlə	1
2265	flɔtɪllenatmiˈɾal	ˈfloːtɪllenatmiɾɛlə	1
2266	ʁɔst	ˈɾœstə	1
2267	ʁɛnˈdiːtə	ɾɛnˈdiːtən	1
2268	ˈmoːʀə	moːɐn	1
2269	ˈvyːtɐae	vyˈtɐəiːən	1
2270	vɔχ	ˌtvɔxə	1
2271	ʔasˈpɛkt	ˈʔaspɛktə	1
2272	zɛnf	ˈzɛnfə	1
2273	ʊmpf	ʏmpfə	10
2274	ˈʃpœtelae	ʃpœteˈləiːən	1
2275	ɡɪft	ˈgɪftə	1
2276	ibʁi	ɪbris	1
2277	ɡlɔkə	glɔkən	1
2278	ˈɡeːpaʁt	gəˈpaɾdən	1
2279	ˈhɪʁnˌʃaːlə	hɪɾnzçalən	1
2280	ʔatsˈtsĭoːn	ˈʔatstsĭons	1
2281	aksi	ɑːksis	1
2282	sloˈveːnə	ˈsloːvənən	1
2283	ʔeː	mɛɪl	2
2284	in	ɪnə	3
2285	oːɡən	øːɡŋ	1
2286	eːtus	ətən	1
2287	faɪnt	ˈfaendə	1
2288	tʁʊm(p)f	ˈtɾʏmpfə	2
2289	ʁˈvyːstʊŋ	ːɐˈvʏstʊŋən	1
2290	k	ge	1
2291	ʁaˈɡøːdiə	ɾɑgøˈdiːən	1
2292	eːʀə	əɐən	1
2293	iːstuːm	ɪstymɐ	1
2294	tʁɔtsˈkɪstɪ	ˈtɾɔtskɪstɪnnə	1
2295	tseˈloːt	ˈtseːlotən	1
2296	ʁʏkˌtʁɪt	ɾʏktɾɪtə	1
2297	pfaɪl	ˈpfaɪlə	1
2298	ɪntɐˌvjuː	ʔɪntɐˌvjuːs	1
2299	amaˈʁant	ʔɑˈmaɽɑntə	1
2300	paʁˈfyːm	ˈpaɾfʏms	1
2301	tʃɛt	ˈçats	1
2302	tsuˈkiːni	ˈtsuːˌtsçinɪs	1
2303	ʀiːfˌmaʁknzamlʊŋ	riːfmaɾkɛnzammlʊŋən	1
2304	tɛɾˈtoːn	ˌtɛɾtønə	1
2305	ɪdə	edən	5
2306	ʀʊnənkʀɛsə	rʊnnɛŋkɾɛszən	1
2307	hant	ˈhɛndə	1
2308	ˌyːbəʁˈvaɪzʊŋ	ˈʔyːbɛɾvaezʊŋən	1
2309	ˈviːlvaebɐae	viːlvaeˈbɐəiːən	1
2310		ə	5110
2311	piˈʁaːtɪ	ˈpiːɾɑtɪnnə	1
2312	ˈvɛʃɐae	vɛʃɐəiːən	1
2313	ɑːɾ	aɽən	1
2314	ams	ɛmzɐ	1
2315	nɪçt	gatɐ	1
2316	mɔp	ˈmɔpps	1
2317	gɑbɛlˈɾəiːtɐɪ	ˈgɑːbɛlɾaeteɾɪnnə	1
2318	uːs	ʏsə	1
2319	ɡeˈʁaːniə	gəˈɾaniːən	1
2320	ʔɑlasˈkanɐɪ	ˈʔɑːlaskɑneɾɪnnə	1
2321	kaˈʁɔtə	ˈkɑːɾɔtən	1
2322	laːɡə	ˌlɑːgən	1
2323	ʁʃnəʁɪ	ɾstsneɾɪnnə	1
2324	ˌkɔn.spi.ʁaˈtsjoːns.te.oˌʁiː	kɔn.spi.ʁaˈtsioːns.te.oˌʁiː.ən	1
2325	amm	ɛmmə	15
2326	ɐnɪs	ɛɾnɪszə	9
2327	ɪma(ː)t	emɑtən	2
2328	nflʊs	ɛnflʏszə	1
2329	ɡaːbə	gɑːbən	1
2330	ə	ːən	1
2331	bɛʁk	ˌbɛʁɡə	1
2332	katɛˈçɪsmʊs	ˈkɑːtɛçɪsmən	2
2333	ɡəˈzɪnʊŋ	gəˈzɪnnʊŋən	1
2334	ʔɔto	nɔɾmalvɛɾbraoxɐ	1
2335	zʊm(p)f	ˈzʏmpfə	2
2336	ˈʔɛɾle	ʔɛːɐˈlən	1
2337	oːtʃaftəʀɪ	ɔʧafteɾɪnnə	1
2338	anst	ɛnstɐ	1
2339	ˈknaozɐae	knaoˈzɐəiːən	1
2340	pʊŋ(k)t	ˈpʊŋktə	2
2341	tsvɛɾkstsˈvan	ˈtsvɛɾkstsvɛnə	1
2342	ʃtʁaːl	ˈʃtɾɑlən	1
2343	haʊs	ˌhɔɪzɐ	1
2344	ʊsbʊnd	osˌbʏndə	1
2345	tsuˈzamənˌtsiːʊŋ	ˈtsuːˌzammɛntsiːʊŋən	1
2346	oːntʃtaɪn	ɔndstəɪnə	1
2347	ʁeɡenəˈʁiːʁʊŋ	ɾeˈgənɐiːɐʊŋən	1
2348	apˌɡaːbə	ʔapˌgɑːbən	1
2349	ɔʁt	œʁtɐ	1
2350	knaʊf	ˈknɔøfə	2
2351	ɡyːtɐɡəˌmaɪnʃaft	gyːtɛɾgemaenstshaftən	1
2352	atʀibuːt	ˈʔattɾibutə	2
2353	ɛstʁɪç	ʔɛstɾɪçə	1
2354	ɛɾlant	ɐlandə	1
2355	aːfʔantsuːk	ɑːfantsygə	1
2356	ny	tsə	1
2357	ə	ɛn	1
2358	apzats	ʔapˌzɛtsə	1
2359	ʀʊŋ	ɐʊŋən	3
2360	apˌʃlaːk	ʔapˌʃlɛːgə	1
2361	kɪnt	ˈkɪndɐ	1
2362	ʀeːdə	ˌɾeːdən	1
2363	stshaftɐɪ	zçafteɾɪnnə	1
2364	ˈglazblɛzɐae	glazblɛˈzɐəiːən	1
2365	tsuˈnaːmi	ˈtzuːnɑmis	1
2366	ˌtsɛntʀʊm	tsɛntɾən	1
2367	ʒɔŋˈlaːʒə	ˈjɔŋlɑgən	1
2368	ˈʃiːnə	ʃiːənən	1
2369	ʃam.pɪnˌjɔŋ	çampɪgnɔns	1
2370	f	ə	1
2371	ʔakɑˈdiːɐɪ	ˈʔakɑdiːɾɪnnə	1
2372	ʃˈvuːɐ	ˈʃvyːɾə	1
2373	fɛɾnʊss	ɐˌnʏsə	1
2374	ɐkən	ɛɾkɛns	1
2375	hɔʁst	ˈhɔɾstə	1
2376	veteˈʁaː	ˈvətɐanə	1
2377	ɔksoloˈɡiː	oksoloˈgiːən	1
2378	aʊfˌtsaɪçnʊŋ	ʔaofˌtsaeçnʊŋən	1
2379	ˈkɔnditoɾae	kɔnditoˈɾəiːən	1
2380	meːɐ	ˈmeːʀə	1
2381	ɪnˌʔoːt	enodə	1
2382	andɔˈʁaːnɐʁɪ	ˈʔanˌdɔɾɾɑneɾɪnnə	1
2383	taˈpeːtə	ˈtɑːpətən	1
2384	pʁemˈjeːmiˌnɪstɐʁɪ	ˈpɾeːmiːɾminɪsteɾɪnnə	2
2385	ʁˈmiːtə	ɾˈmiːtən	1
2386	apˌʃɔtʊŋ	ʔapˌʃɔtʊŋən	1
2387	ˈplakɐae	plakɐəiːən	1
2388	ʃloːt	ˈʃløːtə	1
2389	ɪdnˌʃvants	edɛnstsvɛntsə	1
2390	əiːt	aɪtən	1
2391	(ɐ)tsɔʏk	ɐtsɔɪɡə	2
2392	aksəl	ʔaksɛln	1
2393	om	ømə	7
2394	eːdəlˌʃtaːl	ʔeːdɛlstɑlə	1
2395	ʔaɾˈməniːɐɪ	ˈʔaɾmeniːɾɪnnə	1
2396	aˈmeːliə	ɑmeˈliːən	1
2397	aɪnfuːɐ	ʔaenˌfuɾən	1
2398	1	Brothändler	1
2399	ɐˈliːs	ːɐˈliəsə	1
2400	ɐ	ɾe	102
2401	ʁkɪʃ	ɾkɪʃə	1
2402	ˈkyːnhaɪt	kynˈəiːtən	1
2403	ʀuːf	ˌʀuːfə	1
2404	ˈɡlaɪçhaɪt	glaeçˈəiːtən	1
2405	ɡɔtəsbəˌvaɪs	gɔtɛsbevaezə	1
2406	apˌhɔltsʊŋ	ʔapˌhɔltsʊŋən	1
2407	yːçoterapɔɪt	ʏçɔteɾɑpɔøtən	1
2408	ɐˌhoːzə	ɛɾozən	1
2409	apf	ɛpfə	3
2410	ˈgaets	gəˈʔiːtsə	1
2411	os	œszɐ	3
2412	bakˈblɛç	ˈbakblɛçə	1
2413	ʁiːtʊs	ɾiːtən	1
2414	k	ɡn	1
2415	uɪn	ɡuiːnə	1
2416	fts	ɛntsaɪçən	1
2417	ɐ	ʁə	1
2418	ølə	ʏlən	1
2419	vaszɛɾˈkanal	ˌvaszɛɾkɑnɛlə	1
2420	ˌuʁoˈloːɡɪ	ˈʔuːɾologɪnnə	1
2421	ʃtʊndɛŋlɑs	ɡlɛːzɐ	1
2422	ːnənvɔlf	nɛnvœlfə	1
2423	lˈgiːɐɪ	ˈlgiːɾɪnnə	1
2424	ˈʔalgoɾɪtmus	ˌʔalɡoˈʀɪtmən	1
2425	ʃaɪn	ˈʃəɪnə	1
2426	.ʃtɔf	stɔffə	1
2427	ˈʔʊngəˌɾɑːdə	tsaːl	1
2428	ʃukaɾˈtoːn	ˈʃukaɾtɔns	1
2429	ʔafoˈɾɪsmʊs	ˈʔafoɾɪsmən	1
2430	ˈɾeːgel	ʀeːɡln	1
2431	ɐ	mɛɾn	1
2432	pə	ən	3
2433	ːχʁɪçtənaɡɛnˌtuːɐ	xɾɪçtenɑˈgɛntuːɐən	1
2434	yːçoterapɔɪtɪ	ʏçɔteɾɑpɔøtɪnnə	1
2435	ɡɛmzə	gɛmzən	1
2436	bʊxt	ˈbʊxtən	1
2437	ʔɪlluˈzĭoː	ɪluˈzioːnə	1
2438	ɐɪ	ɾɪnnə	1
2439	kyːltʊʁm	ˈkyltʏɾmə	1
2440	iːənɐ	ʏɾstçɘn	1
2441	eːfɐʁɪ	ɛːfeɾɪnnə	1
2442	meˈlɪsə	ˈmeːlɪszən	1
2443	lɑgɛpˈlan	ˈlɑːgɛplɛnə	1
2444	baː(ɐ)t	ˈbɛːɐtə	2
2445	ˈpɾɑlɐae	pɾɑˈlɐəiːən	1
2446	ːlˌʁɔs	lɾœszɐ	1
2447	ˌkɔlaboʁaˈtsjoː	kɔllɑboɾɑˈtsĭoːnə	1
2448	ˌkɔ.muˈnjoː	kɔmmuˈnĭoːnə	1
2449	ɐ.bɪs	ɾbɪszə	1
2450	kiloˈɡʀam	ˈkiːlɔgɾammə	1
2451	ʔɑtɑˈvɪsmʊs	ˈʔɑːtɑvɪsmən	1
2452	ʔeːɛfɾao	eːəˌfʀaʊən	1
2453	zɛlpstmɔɾdatənˈtɛːtɐɪ	ˈzɛlpstmɔɾdatɛntɛteɾɪnnə	1
2454	kam	ˈkɛmmə	1
2455	ənhɪsˌtoːʀikɐʁɪ	ːnɪstoɾikeɾɪnnə	1
2456	eːʀiə	ɐiːən	1
2457	ˈgɛstɐae	gɛstɐəiːən	1
2458	ʔaʊˈtoːʀɪ	ˈaotoɾɪnnə	1
2459	ˌɪntɐjɛkˈtsioː	ʔɪntɛɾjɛkˈtsĭoːnə	1
2460	paːtə	ˈpɑːtən	1
2461	ãɡaʒˈmãː	ˈʔɛŋɑgemɛnts	1
2462	ˈbalgɐae	balˈgɐəiːən	1
2463	ax	ɛçə	5
2464	ɡaːstsɛntʁiˌfuːɡə	gastsɛntɾifugən	1
2465	vaːl	ˈvaːlə	1
2466	aˈʁɛst	ˈʔaɾɾɛstə	1
2467	øtʊŋ	ɪtʊŋən	1
2468	ʊxtə	ʔʊxtən	1
2469	dɾɔpdɔvn	lɪstɛnfɛlt	1
2470	ɪdəˌlɛʁçə	edelɐçɘn	1
2471	pfluːk	ˈpflyːgə	1
2472	uːɐkʊndə	ʔʊɾkʊndən	1
2473	metɑboˈlɪsmʊs	ˈmeːtɑbolɪsmən	1
2474	apˌʃvaɪfʊŋ	ʔapˌʃvaefʊŋən	1
2475	ziːm	kaʁtə	1
2476	ʃtaːl	ˈʃtɑlə	1
2477	bal	ˈbɛllə	1
2478	oʁˈɡaːn	ʔɔɾˈganə	1
2479	ˈʔoːpɑl	ʔoˈpalə	1
2480	ɛk	ʔɛkə	1
2481	anhaŋ	ʔanˌhɛŋə	1
2482	ʊnˈdiːnə	ˈʔʊnˌdɪnən	1
2483	ʔɛksˈpɛɐtɪ	ˈʔɛkspɛɾtɪnnə	1
2484	yːsli	ʏslis	1
2485	koˈlɔnə	ˈkoːlɔnnən	1
2486	dɪŋ	ˈdɪŋɐ	1
2487	pɛç	ˈpɛçə	1
2488	ʁʏkˌblɛndə	ɾʏkblɛndən	1
2489	fiːʁˌɛk	viːɾɛkə	1
2490	ɡəl	gɛln	2
2491	s	zə	224
2492	as	ɛsz	1
2493	lˌjaːkt	ɛljakdən	1
2494	bʊʃ	ˈbʏʃə	1
2495	ɡəˈmaɪnʃaftsˌɡəˈfyːl	gəˈmaenzçaftsgefylə	1
2496	ʁasə	raszən	1
2497	ɾɪtɛɾzɑal	ˈɾɪtɛɾzɛlə	1
2498	ʊss	ʏszə	115
2499	ʃtuˈdɛntɪ	ˈʃtuːdɛntɪnnə	1
2500	ˌfaŋ	fɛŋə	1
2501	oːχʀaːt	ɔxɾɛdɐ	1
2502	ˈʔɑːkson	ʔɑˈksoːnə	1
2503	zəl	szɛln	3
2504	kataˈfalk	ˈkɑːtɑfalkə	1
2505	taˈʀiːnə	ˈtaɽɪnən	1
2506	ɐˈʃvøː.ʁʊŋ	ːɐˈʃvøːɾʊŋən	1
2507	flɪnt	ˈflɪntə	1
2508	ɔ	œ	1
2509	zɪsˈteːm	ˈzʏstəmə	1
2510	ʃtaːt	ˈʃtaːtən	1
2511	ʃʊs	ˈʃʏsə	1
2512	eːt	ɛts	3
2513	anzats	ʔanˌzɛtsə	1
2514	ˈbaeɐ	bəˈtsaɪçnʊŋ	1
2515	ʁbaɪtsˌplats	ɾbaetsplɛtsə	1
2516	ɡaʁn	ˈgaɾnə	1
2517	ɛsçatoloˈɡiː	ʔɛʃɑtoloˈgiːən	1
2518	kɔʁn	ˈkɔɾnə	1
2519	aom	ɔʏmə	1
2520	ʔetiˈkkɛt	ˈʔeːtikɛtts	1
2521	zal(t)s	ˈzaltsə	2
2522	ˌfɛɐˈløːbnɪs	fɛːɐˈlœbnɪszə	1
2523		en	1
2524	ˈɡaɪsˌbɔk	gəˈʔɪsbœkə	1
2525	fleːt	ˈfləətə	1
2526	haɪn	ˈhɑɪnə	1
2527	xə	χn	1
2528	ʁiːzə	riːzən	1
2529	ˌʃvants	stsvɛntsə	1
2530	ˈvɔktae	vɔkˈtəiːən	1
2531	də	ˌdən	1
2532	fɑɾˈgast	ˈfɑɾgɛstə	1
2533	jasˈmiːn	ˈjasmɪnə	1
2534	sst	zstən	1
2535	ˈbɪltaoɐae	bɪltaoɐəiːən	1
2536	ʁtə	ɾtən	5
2537	ʊʃə	uːsçɘn	4
2538	zaelˈtants	ˈzaeltɛntsə	1
2539	vʊʁst	ˈvʏʁstə	1
2540	əl	ɛls	1
2541	ʀiːˌfʀɔɪndɪ	riːffɾɔøndɪnnə	1
2542	ʀi:mas	ɾiːmaszə	2
2543	ˌbɛːɐ	bɛɾən	1
2544	ʁɛstbəˌtʁaːk	ɾɛstbɛtɾɛgə	1
2545	ɪnfoʁmaˈtsioː	ʔɪnfɔɾmɑˈtsĭoːnə	1
2546	ɔts	œtsə	4
2547	ʊntɐˈzuːχʊŋsɛʁˌɡeːpnɪs	ˈʔʊnˌtɛɾzʊxʊŋzɛɾgɛbnɪszə	1
2548	ɔˈmaːʃ	ˈhɔmmɑgən	1
2549	ənˌʃpiːl	ɛnspiːlə	1
2550	us	ysə	13
2551	iˈbeːʁɪʃ	ˈʔiːbeɾɪʃə	1
2552	ʀoːkʊs	ɾoːkʊszə	1
2553	vʏɐdə	ˈvʏɾdən	1
2554	aˈzaː	ɑˈzanə	1
2555	fɔlksʃtam	vɔlkzstɛmmə	1
2556	kʁyzanˈteːmə	ˈçɾyːzantəmən	1
2557	ĭoː	iːə	1
2558	ɐ	ɛɾn	142
2559	eːpzɪs	ɛpsən	1
2560	ˈpʁeːzəns	pɾɛˈzentsiːən	1
2561	ʃpaezezɑal	ˈʃpaezezɛlə	1
2562	ʃiː	sˈkiːɐ	1
2563	oː	øːə	1
2564	ɐˈtaɪlʊŋ	ːɐˈtəiːlʊŋən	1
2565	ɾˈmɑnt	ʁˈmantn	2
2566	ɑ	ot	2
2567	ɡliːt	ˌɡliːdɐ	1
2568	aeˈbənast	ˈaebenɛstə	1
2569	fɾyˈɾɛntə	ˈfʀyːˌʀɛntn	1
2570	toːɐ	ˈtoːʀə	1
2571	ɪs	esə	1
2572	ˈhoːxˌtsaɪt	hɔxˈtsəiːtən	2
2573	pasˈtoːʁɪ	ˈpastoɾɪnnə	1
2574	ʁɛspə	ɾɛspən	1
2575	aːbə	ɑːbən	5
2576	ɡəˈlɛŋk	gəˈlɛŋkə	1
2577	ʁaɪbʊŋ	ɾaebʊŋən	1
2578	ɡəˈʁʊχ	gəˈɾʏçə	1
2579	əl	ln	4
2580	baˈzalt	ˈbɑːzaltə	1
2581	tʀaʊm	ˈtʀɔɪmə	1
2582	ˌʁaːt	ɐˌɾɛːtə	1
2583	ʊbənˌmaɪzə	obɛnmaezən	1
2584	χtˌʃpaɪçəʁˌhaɪtsʊŋ	xˌtʃpaeçɛɾaetsʊŋən	1
2585	ˌʁoːzə	ɾozən	1
2586	lɛfˈkoːjə	ˈlɛfkojən	1
2587	əhɔpf	eɔpfə	1
2588	aˈpʁɪl	ʔapˈɾiːlə	1
2589	ʔɑteˈliːɐ	ˈʔɑːteliːɾs	1
2590	ɑt	ɛtə	36
2591	ʔafkˈanɪ	ˈʔafkɑnɪnnə	1
2592	ənˌklapə	ɛŋklappən	1
2593	flʊszuf	ʔɑːmaezɛnvʏɾg	1
2594	anlaɪə	ʔanˌlaeən	1
2595	oːpst.zaˌlaːt	ʔɔpstzɑlɑtə	1
2596	ʁfə	ɾfən	1
2597	foˈʁaʊˌsɛtsʊŋ	ˈfoːɐˈɾaosˌzɛtsʊŋən	1
2598	ˌmʊtʰ	mʏt	1
2599	baŋk	ˈbaŋkən	1
2600	oɐ	ʊɐn	1
2601	ao	ɔøə	3
2602	bɔʁn	ˈbɔɾnə	1
2603	es	ɛszən	1
2604	ɪç	lɪgən	1
2605	ːɐˌlaʊx	ɾlaoxə	1
2606	ʁˈmoːn	ɾˈmoːnə	1
2607	p	bɐ	9
2608	ˈdaos	daˈʔuːzə	1
2609	ɑːktuːm	aktɑ	3
2610	ˈltvɛʃɐae	ltvɛʃɐəiːən	1
2611	ɐˈhɛltnɪs	ːɐˈhɛltnɪszə	1
2612	aʁoˈdøːʁ	ɑɾoˈdəuːɐə	1
2613	ʁezʊlˈtaːt	ˈɾeːzʊltɑtə	1
2614	oːχˌoː	ɔxø	1
2615	imitaˈtsjoː	ʔimitɑˈtsĭoːnə	1
2616	ʔaxˈɾoːnɪsmʊs	ˌʔaxɾonɪsmən	1
2617	ɛʁtsoːktuːm	eːɐˌtsɔktymɐ	1
2618	poliˈtiːkˌvɪsənʃaftlɐʁɪ	ˈpoːlitɪkvɪszɛnzçaftleɾɪnnə	1
2619	ɔøfəmɪsmʊs	ˈɔøfemɪsmən	1
2620	noːt	ˈnøːte	1
2621	zɪŋuˈlaɽətantuːm	ˈzɪŋulɑɾetantʊms	1
2622	paˈʁaːdɔksɔn	ˈpɑːɾɑdoksɑ	1
2623	ɡuːt	ˈɡyːtɐ	1
2624	ʔeˈjalət	ˈʔeːjɑlɛts	1
2625	ˈʃʊɾkɐae	ʃʊɾˈkɐəiːən	2
2626	ʀɪŋ	ˌʀɪŋə	1
2627	anˈtɛnə	ˈʔanˌtɛnnən	1
2628	kʁuːk	ˈkɾyːgə	1
2629	ɪɡənˌbaʊm	egɛnbɔømə	1
2630	ɐ	ʁən	1
2631	ɐˈzɛlpʃtɛndɪɡʊŋ	ːɐˈzɛlbstɛndɪgʊŋən	1
2632	nˌfɪʃ	ɛnfɪʃə	1
2633	ʃtʏk	stʏkə	1
2634	ɑːs	ɛːzɐ	3
2635	ɐˈbʀaʊx	ːɐˈbrɔøçə	1
2636	ʁɪnt	ˈʁɪndɐ	1
2637	tzçiɑˈdɪstɪ	ˈtzçiːɑdɪstɪnnə	1
2638	ˌvɪʁtɪ	vɪɾtɪnnə	1
2639	ɔøm	əən	3
2640	fɛɪk	ˈfɑːkəs	1
2641	anfaŋ	ʔanˌfɛŋə	1
2642	maɡˈneːt	ˈmagnətə	1
2643	tuːm	ːtən	1
2644	ʃɪmˈpanzə	ˈʃɪmpanzən	1
2645	yn	ʏns	3
2646	ˈdaːtiːf	daˈtiːfə	1
2647	ʊxt	ʏçtə	16
2648	ɑːp	ɛːbə	1
2649	knɔpf	ˈknœpfə	1
2650	ʊɾm	ʏɾmə	34
2651	en	inɑ	1
2652	ʀaɪənˌfɔlɡə	ɾaeɛnfɔlgən	1
2653	ˌtsəɪgə	tsaɪɡŋ	1
2654	ɡʀʊntˌʃuːlə	gɾʊntzxulən	1
2655	ʊfʃaɪn	ofzxəɪnə	1
2656	ʀɪf	ˈɾɪffs	2
2657	kyːɐ	ˈkyːʁən	1
2658	ɑːs	aszə	1
2659	kaɾˈdɪnal	ˈkaɾdinɛlə	1
2660	kam(p)f	ˈkɛmpfə	2
2661	ʔatˈvɛntsˌkʀants	ˈʔatvɛntskɾɛntsə	1
2662	ɡʊˈɪst	uɪstən	1
2663		ən	4735
2664	ɪnantsiːɐ	iːnantsiːɾs	1
2665	aːɐ	ɛʁ	1
2666		nɪn	3
2667	ˌboːd	bødə	3
2668	al	ɛllə	6
2669	ɡɪft	gɪftən	1
2670	aps	ɛpsə	1
2671	ɔɾt	œɾtɐ	79
2672	tuːχ	ˌtyːçɐ	1
2673	kʁaft	ˈkɾɛftə	1
2674	teːleˈfonbuːχ	ˈteːlefɔnbʏçɐ	1
2675	standaʁt	ʃtandaɾts	1
2676	vetəʁiˈneːɐ	ˈveːteɾinɛɾə	1
2677	fɛˈlaχə	ˈfɛllɑçɘn	1
2678	aˌfɪlm	ɑfɪlmə	2
2679	ʁɡɐˌmaɪstɐʁɪ	ɾgɛɾmaesteɾɪnnə	1
2680	ˈlɛkɐae	lɛkɐəiːən	1
2681	aːdl	ɑːdɛln	1
2682	daˈçt	ˈdɛçtə	1
2683	ʊnbəhɔlfənhaɪt	ʔʊnbəhɔlfɛnˈəiːtən	1
2684	ʔobɛɾˈtoːn	ˈʔoːbɛɾtønə	1
2685	ann	ɛnɐ	1
2686	lɑˈtsaɽkɛt	ˈlɑːtsɑɾɛtts	1
2687	uːm	ʊms	3
2688	ʔiˈdeː	ˈʔiːdəəən	1
2689	haɪm	ˈhaemə	1
2690	aːl	ɛːlɐ	1
2691	ʧə	tsçɘn	19
2692	ʔafɾiˈkanɐɪ	ˈʔafɾikɑneɾɪnnə	1
2693	dɔxt	ˈdɔxtə	1
2694	ˈhaʁmloːzɪçkaɪt	haɾmlozɪkˈkəiːtən	1
2695	ʊntəʁˌhɔlts	ʔʊnˌtɛɾœltsɐ	1
2696	ɡəˈʁɔʏʃ	gəˈɾɔøʃə	1
2697	ʊtˌɛʁtstɪ	otɛɾtstɪnnə	1
2698	ˌkɔndoˈlɛnts	kɔndoˈlentsən	1
2699	koˈkoːn	ˈkoːkɔns	1
2700	oːɡʊʁt	ɔkʊɾts	3
2701	ɑːk	aks	1
2702	øːzə	ʔøːzen	1
2703	ˈʁʊspɛk	ʁʊˈspitseː	1
2704	ˈklaɪnɪçkaɪt	klaenɪkˈkəiːtən	1
2705	uːɐˌhaɪmaːt	ʊɾaemɑtən	1
2706	mann	lɔøtə	11
2707	hɔxalˈtaɽ	ˈhɔxaltɛɾə	1
2708	pʀoˈfeːt	ˈpɾɔfətən	1
2709	anˌziːtlʊŋ	ʔanˌziːdlʊŋən	1
2710	baŋkiːɐ	ˈbaŋkiːɾs	1
2711	ʀaχmə	ɾaxmən	1
2712	ɡlʏkspɪlts	glʏkspɪltsə	1
2713	ʃpɔʁt	ˈʃpɔɾtə	1
2714	aːlstsˈvants	ˈaːlstsvɛntsə	1
2715	ˈʃpuːɾ	ʃpuːɐən	1
2716	ʃtaːl	ˈʃtɛlə	1
2717	ənɪ	enɪnnə	1
2718	ʁɔʏçɐˌʔaːl	ʀɔɪçɐˌʔaːlə	1
2719	ul	ʊln	6
2720	kɔŋˈkɔʁt	ˈkɔnkɔɾdəs	1
2721	o	ən	9
2722	ʔɑmyˈzəmɛnt	ˈʔɑːmyzemɛnts	1
2723	ʔɔnˈnəmɛnt	ˌʔɔnnemɛnts	1
2724	kʊɾzɑal	ˈkʊɾzɛlə	1
2725	ʊxstɑbɛnzʊppə	uːxʃtaːbmˌzʊpm	1
2726	ɛɐˈtsɛːlʊŋ	ʔɛːɐˈtsɛlʊŋən	1
2727	oːntlantʃaft	ɔndlantstshaftən	1
2728	ˈbalast	balˈlastə	1
2729	pʁediˈkaːt	ˈpɾɛːdikɑtə	1
2730	libaˈneːzɪ	ˈliːbɑnezɪnnə	1
2731	ɔʁnitoˈloːɡɪ	ˈʔɔɾnɪtologɪnnə	1
2732	ɛçə	əçɘn	3
2733	m	.mə	1
2734	kˌʁaiç	gɾaeçə	1
2735	ʔaɾˈbəiːtɐɪ	ˈʔaɾbaeteɾɪnnə	1
2736	ʔʊnt	gatɐ	1
2737	ːfˌmʏtsə	fmʏtsən	1
2738		ɐ	89
2739	ˈʔɛɾbe	ʔɛːɐbəˈn	1
2740	ˌkʁaɪs	kɾaezə	1
2741	ʃtuːl	ˌʃtyːlə	3
2742	ˈtsaobɐae	tsaoˈbɐəiːən	1
2743	fʁak	ˈfɾɛkə	1
2744	tɛʁˈmiːn	ˈtɛɾmɪnə	1
2745	amm	ɛmmɐ	1
2746	zɪn	ˈzɪnə	1
2747	ʁɛsə	ɾɛszən	1
2748	aːzənˌlɔχ	ɑːzɛnlœçɐ	1
2749	ˈhaozaɾtsnae	haozaɾtsˈnəiːən	1
2750	ˈɡeːɡnbəˌʃʊldɪɡʊŋ	gəgəˈnbɛʃʊldɪgʊŋən	1
2751	vaɪnəˈʀaɪ	ˈvəɪnɐəiːən	1
2752	maːkt	ˈmɛkdə	1
2753	haf	ˈhaffə	1
2754	vʁak	ˈvɾaks	1
2755	ç	ks	3
2756	ˈplɑːtsɛntɑ	plɑˈtsɛntən	1
2757	ɑs	aszə	6
2758	ːlɐʀɪ	leɾɪnnə	1
2759	an.ʃtant	ʔanˌʃtɛndə	1
2760	maˈʃiːnənˌʃpʀaːχə	ˈmaʃinɛnspɾɑçɘn	1
2761	naˈtʰuːɐˌvɪsnʃaft	ˈnɑːtʊɾvɪszɛnstshaftən	1
2762	ɐˌhantʃuː	ɛɾantzxuə	3
2763	ːs	ən	1
2764	fiːlˌɛk	viːlɛkə	1
2765	ˌmɪnəˈʁaːl	ˈmɪnɐaliːən	1
2766	i	ae	1
2767	ɔxə	oçɘn	5
2768	nzak	ɛnzɛkə	1
2769	flɛkɛŋezɪçt	ʔɑːmaezɛnvʏɾgɐ	1
2770	ˈʔeːzelae	ʔezeˈləiːən	1
2771	ɛndeˈmiːt	ʔɛnˈdəmiːtən	1
2772	xˈʃpʀaːχə	ˈçʃpɾɑçɘn	1
2773	ːlˌʁɔs	lɾɔszə	1
2774	haosɾɔʧˈvants	ˈhaosɾɔʧvɛntsə	1
2775	hʊɾˈɾiːtɐɪ	ˈhʊɾɾiteɾɪnnə	1
2776	ʀoːtflɪntə	ɾɔtflɪntən	1
2777	ʔi	tʏpfelçɘn	1
2778	ɡeː	pʊŋ(k)t	2
2779	x.mɪˌtaːk	χmɪˌtaːɡə	1
2780	na	ˈnɛ	1
2781	ʁɛːvɛʁp	ɾɛːvɛɾbən	1
2782	jaʁt	laɾdə	2
2783	l	ɛln	4
2784	ʃlʊk	ˈʃlʏkə	1
2785	ʊxt	uːˌçtən	1
2786	ɡaŋ	ˌgɛŋə	1
2787	uˈnioː	ˈʔʊnĭoːnə	1
2788	ʀɛçt	ˈɾɛçtə	1
2789	ˌɡɔtʰəsˈʔanbeːtʰəʁɪ	ˈgɔtezanbeteɾɪnnə	1
2790	aɽəm	ɑːɾɛms	1
2791	ˈʃpiːgelae	ʃpiːgeˈləiːən	1
2792	mɪlç	ˈmiːlçɘn	1
2793	ɡəˈʃlɛçtsʔɔʁˌɡaːn	gəʃlɛçtzɔɾˈganə	1
2794	oːpa	laŋbəɪn	1
2795	ˈko	koːnən	1
2796	ʊsˌvɪʁt	osvɪɾtə	1
2797	ʁʏkˌveːk	ɾʏkvegə	1
2798	ʔeːlɛtstɾonik	kaɾt	1
2799	ʃpʁʊŋvʊʁf	ˈʃpɾʊŋvʏɾfə	1
2800	ˌkɔŋɡʁuˈɛnts	kɔŋɾuentsən	1
2801	ˈɛndə	tsuː	1
2802	ˈʃtɛɾndɔøtɐae	ʃtɛɾndɔøˈtɐəiːən	1
2803	ʊff	ʏffə	3
2804	ɛkspeʀiˈmɛnt	ʔɛkspeɾiˈmɛntə	1
2805	apaˈɡaɪ	ɑpɑˈgəiːən	2
2806	ˈlantstɾaeçɐae	lantstɾaeçɐəiːən	1
2807	ˌfɛʁˈɡɪsmaɪnɪçt	fɛːɐˈgɪssmaennɪçtə	1
2808	vafə	svaffən	1
2809	ʔalˈtaɽ	ˈʔaltɛɾə	1
2810	stsiːntsefɪtsˈtsĭoːn	buːx	1
2811	ɐˈmʊmʊŋsfɛɐˌboːt	ːɐˈmʊmmʊŋsvɛɾbotə	1
2812	ɪɾçə	iɾçɘn	10
2813	kn	ˈɾʊpɾ	1
2814	ʊnɡəʃɪklɪçkaɪt	ʔʊngəʃɪklɪçˈkəiːtən	1
2815	aʁˈtɪst	ʔaɾˈtɪstən	1
2816	fʏɐst	ˈfʏɐstn	1
2817	ːmʊŋ	mʊŋən	1
2818	laˈnøːʁ	ˈlanəuːɐə	1
2819	juˈlaɪ	ˈjuːlaes	1
2820	if	ɪfs	1
2821	ənˌmɛsə	ɛnmɛszən	1
2822	lɪçt	ˈlɪçtə	1
2823	akaˌduː	ɑːkɑdus	1
2824	meːl	ˈmeːlə	1
2825	.nə	nnən	1
2826	oːsˌvɛlə	ɔsvɛllən	1
2827	ʃfaɪs	ˈʃvaesə	1
2828	bɔsˈniːɐɪ	ˈbɔsniːɾɪnnə	1
2829	ɐˌlɛsɪçkaɪt	ːɐlɛszɪkˈkəiːtən	1
2830	ətoːn	eːtɔns	1
2831	maʊs	ˈmɔʏzə	1
2832	ɪnbʁʊx	enbrʏçə	1
2833	nɔɪˈʀoːzə	ˈnɔøɾozən	1
2834	ˈkɔmpozituːm	kɔmpoˈziːtən	1
2835	ama	ɑːmɑs	1
2836	ʃpaːs	ˈʃpɛːsə	1
2837	asˈpiːk	ˈʔaspikə	2
2838	aop	ɔøbə	7
2839	aksiˌfaːʀəʀɪ	ɑːksifɑɾeɾɪnnə	1
2840	øːɐdə	œɾdən	1
2841	vaɪs	ˌvaɪzə	1
2842	ɾasˈzɪsmʊs	ˈɾaszɪsmən	1
2843		iːən	25
2844	ˈpʊtsɐae	pʊtsɐəiːən	1
2845	ːχʁuːf	xˌɾuːfə	1
2846	ˌnʊs	nʏszə	1
2847	diˈviːs	ˈdiːvizə	1
2848	blumɛŋka	ˈbluːmɛŋkɛ	1
2849	mblyːtə	ɛnblytən	1
2850	ɾaotɛŋkˈɾants	ˈɾaotɛŋkɾɛntsə	1
2851	ˈʃʊlbʏçɐae	ʃʊlbʏçɐəiːən	1
2852	ɐ	lɛɾn	1
2853	kʁonitsiˈtɛːt	tsɾonitsiˈtɛːtən	1
2854	ax	ɛçɐ	17
2855	aːɐˌʃuːlə	ɑɾzxulən	1
2856	m	lə	1
2857	ˌkast	kɛstə	1
2858	ɡəˈveːɐ	gəˈveɾə	1
2859	ʁlˌhuːn	ɾlynɐ	1
2860	ˌybəʁˈliːfəʁʊŋ	ˈʔyːbɛɾliːfɐʊŋən	1
2861	ɔss	œszɐ	5
2862	ɪnə	ønən	1
2863	fʁaxt	ˈfɾaxtən	1
2864	aˈfɛːʀə	ˈʔaffɛɾən	1
2865	knɪk	ˈknɪkə	1
2866	aˈɡoːn	ʔɑˈgoːnə	1
2867	keːks	ˈkɛkzə	1
2868	pflɔk	ˈpflœkə	1
2869	ɪfɱˌʔoːpɐ	efenopɛɾn	1
2870	op	ɔps	7
2871	ˈʃɐɐae	ʃɐɐəiːən	1
2872	klaɪt	ˌklaɪdɐ	1
2873	ɡəˈʁaɪ	ˈgɐəiːən	1
2874	ˈʃtaːtskantslae	ʃtaːtskantsˈləiːən	1
2875	ʁʏkˌlaːɡə	ɾʏklɑgən	1
2876	ɾe	ɐən	3
2877	ɛʀɪ	eːɐˌɾɪnnə	1
2878	haŋaɽ	ˈhaŋaɾs	1
2879	koːmik	tsaɪçnɐ	1
2880	s	zɐ	1
2881	uːx	yːçɐ	7
2882	ŋɡaʁ	nɡaʁn	1
2883	ˌɛndoˌkʁinoˈloːɡɪ	ˈʔɛndɔkɾinologɪnnə	1
2884	ɛʁˈløːzʊŋ	ʔɛːɐˈløːzʊŋən	1
2885	hɛʁməˈliːn	ˈheːɐˌmeːlɪnə	4
2886	maːl	ˈmɛlɐ	1
2887	ˈʃtɪçelae	ʃtɪçeˈləiːən	1
2888	ʊsaʁɛst	ozaɾɾɛstə	1
2889	deːts	ˈdeːtse	1
2890	ɡeoɡʀaˈfiː	gəʔɔgɾɑˈfiːən	1
2891	ˌlaːɡə	laːɡŋ	1
2892	ɑːktuːm	aktən	1
2893	poˈlaːɐˌlɪçt	ˈpoːlaɾlɪçtɐ	1
2894	ˌyːbəʁˈtsɔʏɡʊŋ	ˈʔyːbɛɾtsɔøgʊŋən	1
2895	ʁeːfɪks	ɾɛːfiksə	1
2896	ˈʃtaɪntsaɪt	ʃtaenˈtsəiːtən	1
2897	ʊʃə	usçɘn	7
2898	ːbɪsˈtsiːt	bɪsˈtsiːtə	1
2899	paʁˈfyːm	ˈpaɾfymə	1
2900	ɑːde	aːdn	1
2901	ʁˈɡiː	ɾˈgiːən	1
2902	ˌʊntɐˈneːmʊŋ	ˈʔʊnˌtɛɾnemʊŋən	1
2903	fʀɔʃ	ˈfʀœʃə	1
2904	maʁk	ˈmaɾkən	1
2905	ʁiˈzuːɐ	ɾiˈzuːɐən	1
2906	əˌmoːnt	nemɔndə	1
2907	api	ɑːpis	1
2908	kɔstɐʀɪ	ˌkɔsteɾɪnnə	1
2909	hɛʁ	ˈheːɐˌɾn	1
2910	ˈbɪnnən	ʔiː	1
2911	kɔntʁoˈvɛʁzə	ˈkɔntɾovɛɾzən	1
2912	valˈtˈtɛːtɐɪ	ˈvalttɛteɾɪnnə	1
2913	apˌʃɪʁmʊŋ	ʔapˌʃɪɾmʊŋən	1
2914	kasˈtaːniə	ˈkastaniːən	1
2915	alt	ɛltə	10
2916	ʀɪçt	ɾɪçtə	1
2917	ʁeˈdiːtˌhaɪ	ɾedɪtɑiː/jə	1
2918	ʀamplˌpfaːt	ɾampɛlpfɑdə	1
2919	ɡenəʁoziˈtɛːt	gəneɾoziˈtɛːtən	1
2920	uːɐ	ouːɐən	1
2921	ʁɛt	rkɛtɐ	1
2922	zɪçt	ˌzɪçtən	1
2923	ɪtˌbɔmbə	etbɔmbən	1
2924	ʁˌhaːn	ɾɾɛnə	1
2925	ɛntˈʃʊldiɡʊŋ	ʔɛntˈʃʊldɪgʊŋən	1
2926	ɐˈkaʊf	ːɐˈkɔøfə	1
2927	maʊs	ˌmɔɪzə	3
2928	ɡəˈfyːlsˌʀeːɡʊŋ	gəˈfylsɾegʊŋən	1
2929	ˈvɛmblae	toːɐ	1
2930	x	tss	1
2931	mɔˈluskə	ˈmɔllʊskən	1
2932	balˈlkɛt	ˈtɛntsɐ	1
2933	tʊɾnzɑal	ˈtʊɾnzɛlə	1
2934	el	ɛls	9
2935	uːm	ɑ	8
2936	ɡəˈdaŋkə	gədaˈŋkən	1
2937	(ʔ)aʁm	ˈaːɐmə	2
2938	ˌpoeˈzi	poəsiːən	1
2939	ˈviːdɐlɪçkaɪt	vidɛɾlɪçˈkəiːtən	1
2940	ɾhɔømɑˈtɪsmʊs	ˈɾhɔømɑtɪsmən	1
2941	ʔaɪskʀeːm	aestsɾəmən	1
2942	ʊzl	ozɛln	1
2943	eːʀiʊm	ɐiːən	1
2944	moːɐ	ˈmoːʀə	1
2945	aˌɡʁupə	magɾʊppən	1
2946	l	mɛln	1
2947	ʔast	ˈʔɛste	1
2948	ɡlɔtsə	glɔtsən	1
2949	eˈlɛktʁɪkɐʁɪ	ˈʔeːlɛktɾikeɾɪnnə	1
2950	taːk	ˈtaːɡə	1
2951	oːdə	øːd	1
2952	kɔnzuˈmɛntɪ	ˈkɔnzumɛntɪnnə	1
2953	ˈpʁeːzəns	pɾɛˈzɛntiːən	1
2954	ɐbəˌleːbʊŋ	ɛɾbelebʊŋən	1
2955	afft	ɛfftə	1
2956	ʁˈdiːʁʊŋ	ɾˈdiːɐʊŋən	1
2957	ʒɔŋˈløːʁɪ	ˈjɔŋlɔøɾɪnnə	1
2958	ʁkə	ɾkən	5
2959	balˈloːn	ˈballɔns	1
2960	ʃtal	ˈʃtɛllə	1
2961	çtuːm	ktymɐ	1
2962	maʊl	ˈmɔølɐ	1
2963	ː	s	3
2964	tʊʃ	ˈtʊʃs	1
2965	eːʃ	əɪgən	1
2966	ˈʃtaːdiʊm	ʃtɑˈdiːən	1
2967	aɪntsaːl	ʔaenˌtsɑlən	1
2968	ʊnmɛnʃ	ʔʊnˌmɛnsçɘn	1
2969	apzaɾtst	ɑːbɛɾtstə	1
2970	ˈɡnaːl	gnalə	1
2971	anoːn	ɑːnɔns	2
2972	ˈkɛtsɐae	kɛtsɐəiːən	1
2973	ˌʃpʀaːxə	spɾɑçɘn	3
2974	ˈma	mɛ	1
2975	haoptgɾʊppɛnnaxˈbaɽ	ˈhaoptgɾʊppɛnnaxbaɾn	1
2976	yːtɔs	ʏtən	1
2977	ʔi	dœtsçɘn	1
2978	gaʁˈdiːnənˌpʁeːdɪçt	ˈgaɾdinɛnpɾedɪktən	1
2979	a	ɛm	1
2980	atənˌtaːt	ʔatɛntɑtə	1
2981	pflɪçt	ˈpflɪçtən	1
2982	dɔst	ˈdɔstən	1
2983	ʁʏkˌɡaŋ	ʀʏkˌɡɛŋə	1
2984	zɛks	ˈzɛksən	1
2985	boːt	ˈboːtə	1
2986	ʁʊstˌʃʏtsə	rʊstˌʃʏtsən	1
2987	lɔx	ˈlœçɐ	1
2988	ge	ɡŋ	1
2989	aːnˌɛʁtstɪ	ɑnɛɾtstɪnnə	1
2990	ʃuːˌfax	zxufɛçɐ	1
2991	ʁstɐʁɪ	ɾsteɾɪnnə	1
2992	ʁʊm	ɾumən	1
2993	ʃtʀant	ˈʃtʀɛndə	1
2994	lhɔlts	ɛlœltsɐ	1
2995	bɔks	ˈbɔksn	1
2996	ɐˈhɛŋnɪs	ːɐˈhɛŋnɪszə	1
2997	ʊtə	otən	3
2998	ʔuː	ˈʔaosˌʃʊss	1
2999	ɪntɐˈval	ˈʔɪntɛɾvallə	1
3000	aplaˌtiːf	ʔaplɑˈtiːfə	1
3001	ːχˌtʁaːk	xˌtɾɛːgə	1
3002	ˈnaɾɾətae	naɾˈɾətəiːən	1
3003	filoˈloːɡə	ˈfiːlologən	1
3004	kaʊf	ˈkɔøfə	1
3005	baoˈmast	ˈbaomɛstə	1
3006	ʁəʁɪ	ɾɾeɾɪnnə	1
3007	baʊm	mbɔømə	1
3008	ˌtɛkst	ɛkstə	1
3009	us	ʊszə	23
3010	mɑnɑˈgəmɛnt	ˈmɑːnɑgemɛnts	1
3011	ˈzaofɐae	zaoˈfɐəiːən	1
3012	fɪçˈtənast	ˈfɪçtenɛstə	1
3013	ɡəˈneːmiɡʊŋ	gəˈnemɪgʊŋən	1
3014	ˌapfəlˈziːnə	ˈʔapfɛlzɪnən	1
3015	øːɐˌbuːx	œɾbʏçɐ	1
3016	ːˌʃtal	stɛllə	1
3017	ˌmɔlç	mɔlxə	1
3018	ʁøːnʊŋ	ɾøːnʊŋən	1
3019	aɪtə	əiːtən	1
3020	'haʊshalt	ˈhaosaltə	1
3021	əˌdʀʊk	ɛdɾʏkə	1
3022	apˌvandəʁʊŋ	ʔapˌvandɐʊŋən	1
3023	ˈtaʊklɪçˌkaɪt	taoglɪçˈkəiːtən	1
3024	ip	ɪps	3
3025	vɪsərɪ	ˌvɪszeɾɪnnə	1
3026	piˈʁaːtənˌʃɪf	ˈpiːɾɑtɛnzçɪffə	1
3027	ʁaspəl	ɾaspɛln	1
3028	katalyˈzaːtoɐ	ˈkɑːtɑlyzɑtoɾən	1
3029	ʔiː	ˈdœtsçɘn	1
3030	ˈbant	bants	1
3031	epnɪs	ɛbnɪszə	6
3032	ru	ʀy	1
3033	əʃtʀɪç	ɛstɾɪçə	1
3034	ˈhaːnʁaɪ	hɑnˈɾəiː/jə	1
3035	ʃaft	stshaftən	1
3036	ʃokoˈlaːdə	ˈʃoːkolɑdən	1
3037	ɐˈtʁaːk	ːɐˈtɾɛːgə	1
3038	ɡans	ˈgɛnzə	1
3039	zʏstəm	ɛnzʏstəmə	1
3040	aːbəl	ɑːbɛln	1
3041	me.di.ˈtsiː	ˈmeːditsɪnə	1
3042	ˈʔɑːɑ	ʔɛɐˈleːbnɪs	1
3043	zʏmˈboːl	ˈzʏmbolə	1
3044	nkandiˌdaːtɪ	ɛŋkandidɑtɪnnə	1
3045	as	ɛsɐ	1
3046	us	odən	1
3047	fʊxsstsˈvants	ˈfʊxsstsvɛntsə	1
3048	ɐˈfeːlʊŋ	ːɐˈfelʊŋən	1
3049	ʊɾm	ʏɾmɐ	18
3050	kɔmˈbyːzə	ˈkɔmbyzən	1
3051	ɡəˈʁɪçtsˌʃœfə	gəˈɾɪçtszçœffən	1
3052	uslim	ʊsˈliːmə	1
3053	eˈniːnɐʁɪ	əˈniːneɾɪnnə	1
3054	ʃãːs(ə)	çantsən	2
3055	.sɐflaʃə	szɛɾflɑsçɘn	1
3056	zaft	ˈzɛftə	1
3057		tən	15
3058	xə	ːχn	2
3059	ʁɔːsə	rɔntsən	1
3060	ɑm	ams	1
3061	kalp	ˈkɛlbɐ	1
3062	uk	ygə	57
3063	ɐkən	ɛɾkəs	1
3064	ʏɡʊŋ	øgʊŋən	3
3065	tsʏntstsˈnuːɐ	ˈtsʏntstsnyɾə	1
3066	ˈʔaɾtsnae	ʔaɾtsˈnəiːən	1
3067	bʁʊst	ˈbʀʏstə	1
3068	yɾ	ʏɾn	3
3069	ʊtpɾobə	uːtˌpʀoːbm	1
3070	ʀɛːnə	ɾɛːnən	1
3071	ˌflɛçə	flɛçɘn	1
3072	ʁaʊfuːsˌkaʊts	ɾaofʊskɔøtsə	1
3073	pantəɪstɪ	ˈpantaestɪnnə	1
3074	bʀiːf	ˌbʀiːfə	3
3075	ɡəˈhøːɐˌzɪn	gəˈhœɾzɪnnə	1
3076		ts	7
3077	ˌteːləˈskoːp	ˈteːlɛskopə	1
3078	ˈʀɪçtɪçkaɪt	ɾɪçtɪkˈkəiːtən	1
3079	baoxˈtants	ˈbaoxtɛntsə	1
3080	əl	nɛls	1
3081	ˈkøːnɪksbɛɾgɐ	klɔps	1
3082	eɾ	ɛɾn	1
3083	ɪɡə	øgən	1
3084	apˌvaɪçʊŋ	ʔapˌvaeçʊŋən	1
3085	ʔaɾˈbəiːtɐɪ	ˌʔaɾbaeteɾɪnnə	1
3086	ˈlaːtsjo	llɑˈtsĭoːnəs	1
3087	oːn	øːnə	1
3088	ʀnə	ɾnən	1
3089	kɑɾɑˈvan	ˈkɑːɾɑvans	1
3090	aʊɡə	ʔaʊɡŋ	1
3091	kʁeːps	ˈkɾɛpzə	1
3092	ɔni	oːnys	2
3093	bʊs	ˈbʊsə	1
3094	ˈdʒɛntəlˌmɛn	gəˈntleːmans	1
3095	bʁoːt	ˈbʀoːtə	1
3096	ʁʊχ	ɾʏçə	1
3097	ˈtsiːɐlɪçkaɪt	tsiːɾlɪçˈkəiːtən	1
3098	ʁaˈzuːɐ	ɾɑˈzuːɐən	1
3099	zxə	sçɘn	1
3100	lɛmmɛɾstsˈvants	ˈlɛmmɛɾstsvɛntsə	1
3101	ʃaːl	ˈʃals	1
3102	ans	ɛnzə	8
3103	hɪsˈtoːʁikɐʁɪ	ˈhɪstoɾikeɾɪnnə	1
3104	ʁidoːɐ	ɾɾidoɾə	1
3105	pʁiˌmaːtoˈloːɡə	ˈpɾiːmɑtologən	1
3106	kandiˈdaːt	ˈkandidɑtən	1
3107	ˈdamˌhɪʁʃ	daˈmhɪɾzçə	1
3108	fɛl	ˈfɛlə	1
3109	fʊsballˈfan	ˈfuːsbalˌfɛns	1
3110	ʁiːp	ɾiːbə	1
3111	çkuː	tskyə	1
3112	ɾ	ʀə	1
3113	ʃtɔʁç	ˈʃtœɾçə	1
3114	ɔʃə	oːsçɘn	3
3115	ˈkʏszɐae	kʏsˈzɐəiːən	1
3116	ɑp	ɛbə	13
3117	kloːs	ˈkløːsə	1
3118	ˈkantslae	kantsˈləiːən	1
3119	ˈkɔxɐae	kɔxɐəiːən	1
3120	lɪst	ˈlɪstn	1
3121	oːχʃpʀʊŋ	ɔxspɾʏŋə	1
3122	ɡəˈvɛksˌhaʊs	gəˈvɛçsɔøzɐ	1
3123	mɛsˈziː/jə	ˈmɛsziəs	1
3124	ˌʀeːdə	ʀeːdn	1
3125	sloˈvaːkɪ	ˈsloːvɑkɪnnə	1
3126	apˌlas	ʔapˌlɛszə	1
3127	əsˌtaːk	ɛstɑgə	1
3128	dʁaŋ	ˈdɾɛŋə	1
3129	ʀaˈtsioː	ɾɑˈtsĭoːnə	3
3130	at	ɛtən	3
3131	ʔakˈtiːfɪsmʊs	ˈʔaktivɪsmən	1
3132	ˈvaʁtbaːʁkaɪt	vaɾtbaɾˈkəiːtən	1
3133	balˈkɔŋ	ˈbalkɔns	1
3134	əʀɪ	feɾɪnnə	1
3135	ːʁˌman	ɾmɛnnɐ	1
3136	juˈveːl	ˈjuːvelən	1
3137	ɡəˈbɛk	gəˈbɛkə	1
3138	ːʀʊŋ	ɾʊŋən	4
3139	dɔʁʃ	ˈdɔɾzxə	1
3140	kʊnst.ʃtɔf	foːlɪə	1
3141	vɪçt	ˈvɪçtə	1
3142	ˌɪn.təˈʁɛ.sə	ˈʔɪnteɾɛszən	1
3143	nant	gatɐ	1
3144	aːlʊŋ	ɑlʊŋən	1
3145	ˈaːlɾɔøçɐae	aːlɾɔøçɐəiːən	1
3146	çɛfɾedakˈtəuːɐɪ	ˈçɛfɾedaktɔøɾɪnnə	1
3147	ːʀənˌʃmalts	ɾɛnstsmaltsə	1
3148	ɡəˈvɛːʁˌlaɪstʊŋ	gəvɛɾˈləɪstʊŋən	1
3149	kɔnˈt	mɑnɑˈgəm	1
3150	ˌʁɛstoˈʁã	ˈɾɛstaoɾants	1
3151	χtɪʃ	xˌtɪʃə	1
3152	daˌmpf	ˌdɛmpfə	1
3153	dɪsˈkʊʁs	ˈdɪskʊɾzə	1
3154	aʊfɛnthaltsˌɔʁt	ʔaofʔɛntˌhaltzɔɾtə	1
3155	nˌlɛŋə	lɛnlɛŋən	1
3156	aŋl	ˈʔangəˌln	1
3157	aːmə	ɑːmən	1
3158	ʔopeɾɑtsĭonszɑal	ˈʔoːpeɾɑtsĭonszɛlə	1
3159	pʀɪnts	ˈpɾɪntsən	1
3160	ˈdʒɛntəlˌmɛ	gəˈntləmə	1
3161	dʒaŋki	jʊŋkiəs	1
3162	ˌkaʁikatuˈʁɪstɪ	ˈkɑːɾikɑtuɾɪstɪnnə	1
3163	gəˈhalt	ɡəˈhɛltɐ	1
3164	ɡʀiːs	ˈgɾiːsə	1
3165	hɪpˈpiː/jə	ˈhɪppiəs	1
3166	ˈhɪlfloːzɪçkaɪt	hɪlflozɪkˈkəiːtən	1
3167	et	ɪdɐ	1
3168	astɐɪsmʊs	ˈʔasteɾɪsmən	1
3169	ɛndɪʃ	lɛndɪʃə	1
3170	ʔakˈtiːfɪstɪ	ˈʔaktivɪstɪnnə	1
3171	ɡraːf	ˈɡʀaːfɱ	3
3172	ˈʔaʁbaɪtʊŋ	ʔaɾˈbəiːtʊŋən	1
3173	eːze	əsən	1
3174	ɡəˈʃtalt	gəˈʃtaltən	1
3175	nˌpfaːt	zɛnpfɑdə	1
3176	fʀɛːsˈmaˈʃiːnə	ˈfɾɛsmaʃɪnən	1
3177	mœnç	ˈmœnçə	1
3178	buːʁə	ˈbuːɐən	1
3179	ʔɑpaɾtˈmɛnt	ˈʔɑːpaɾtmɛnts	1
3180	gɾosatmiˈɾal	ˈgɾoːsatmiɾɛlə	1
3181	fɔlksˌʃpɔʁt	vɔlkzspɔɾtə	1
3182	ɔkˈtʰaːn	ʔɔtsˈtanə	1
3183	apʃpɛrhaːn	ʔapˌʃpɛɾɾɛnə	1
3184	ʔɑːt	hoːk	1
3185	ɪnvoːnɐˌtsaːl	enˌvonɛɾtsɑlən	1
3186	ɡʀaˈmatɪk	ˈgɾammɑtikən	1
3187	leksiˈkoːn	ˈleːksikɑ	1
3188	ˈʔapk	buːx	1
3189	ʃtʊʁm	ˈʃtʏʁmə	1
3190	daˈpfeː	ˈdɛpfe	1
3191	ˈfɾoː	fˈɾoːnə	1
3192	yːpʁəʁɪ	ʏpɾeɾɪnnə	1
3193	kʁɛːm	ˈtsɾəməs	1
3194	os	øsə	7
3195	ˈvaɪtsnbiːɐ	vaetsɛnˈbiːɾe	1
3196	pʁaɪs	ˈpɾaezə	1
3197	uːbliːkʊm	ʊblikɑ	1
3198	ʁtˌklʊp	ɾttslʊps	1
3199	ˈzɑːme	zaːlən	2
3200	ɪnhɔlts	enœltsɐ	1
3201	bast	ˈbastə	1
3202	balmɐ	zɐiː/jə	1
3203	ʁɛziˈdɛnt	ɾɛziˈdɛntən	1
3204	aːbənt	ʔapˌʔɛndə	1
3205	ːtaɽɪstɪ	tɑɾɪstɪnnə	1
3206	ɑt	ɛdɐ	32
3207	ɔɾ	oːɾə	1
3208	aotobɑ	ʔaʊtoˌbaːnə	1
3209	ˈkolɛntsɛçə	koˈlentsəçɘn	1
3210	ːlbəˌtʁaːk	lbɛtɾɛgə	1
3211	ʔɔnˈnɛntɪ	ˌʔɔnnɛntɪnnə	1
3212	aʊsˌnʊtsʊŋ	ʔaosˌnʊtsʊŋən	1
3213	ʒɔŋˈløːɐ	jɔŋˈləuːɐə	1
3214	flʊs	ˈflʏsə	1
3215	ˈtɾɑːn	tˈɾanə	1
3216	boˈəmiːən	ˈboːemiːns	1
3217	aʊsˌtsaɪçnʊŋ	ʔaosˌtsaeçnʊŋən	1
3218	ʀiːfkɔpf	riːfkœpfə	1
3219	e	ən	89
3220	ʔapˈʃɔɪlɪçkaɪt	ˈʔapʃɔølɪçˈkəiːtən	1
3221	ɡnaːdə	gnɑːdən	1
3222	ʃpiːgɛlzɑal	ˈʃpiːgɛlzɛlə	1
3223	ˈbɔʏtlˌʀatə	bəˈʔuːtɛlɾatən	1
3224	kʀɪsˈtalɡlaːs	ˈkɾɪstallglɛzɐ	1
3225	vɪçt	ˈvɪçtən	1
3226	aof	ɔøfə	44
3227	ɔʁˈkaːn	ʔɔɾˈkanə	1
3228	pfaːt	ˈpfaːdə	1
3229	lɔøtˈnɑnt	ˈlɔøtnants	1
3230	majɔˈnɛːzə	ˈmɑːjonɛzən	1
3231	əsnɛʁf	nɛsnɛɾvən	1
3232	ɑːks	aksə	1
3233	ʁɡaˈmɛnt	ɾgɑˈmɛntə	1
3234	ɡɔlf	ˈgɔlfs	1
3235		ŋ	3
3236	valˈkyːʁə	ˈvalkyɾən	1
3237	ˈwɛbsait	vɛpˈziːtəs	1
3238	ɛt	kɛtə	4
3239	aˈvaːʁə	ʔɑˈvaɽən	1
3240	iːk	ɪks	1
3241	ɡəˈzɛːs	gəˈzɛːsə	1
3242	ʀɪt	ˈɾɪtə	1
3243	miˈnants	ˈmɪnantsən	1
3244	ɐˈlaːk	ːɐˈlɑːgə	1
3245	sə	zən	1
3246	ʔɛkstˈɾanət	ˈʔɛkstɾɑnɛts	1
3247	a	ɛ	94
3248	ʃaːdə	ˈʃɛːdən	1
3249	ˈmɔøtɐae	mɔøˈtɐəiːən	1
3250	ʔuː	ˈbɑn	1
3251	ʁˈfyːʁəʁɪ	ːɐˈfyɾeɾɪnnə	1
3252	əiːtə	aɪtən	1
3253	oːt	ɔts	4
3254	ɪç	nɪgə	1
3255	ɐˌlɛndɪʃ	ɛɾlɛndɪʃə	1
3256	eːɐdəˌʃteːɐkə	ɛɾdɛstɛɾkən	1
3257	bɔʁk	ˈbœɾgə	1
3258	ʁɛst	ˈɾɛstə	1
3259	aɾt	ɛɾtə	10
3260	taːl	ˈtɛːlɐ	1
3261	ˈpatsɐae	patsɐəiːən	1
3262	ʁeːɡənˌboːɡ	ɾeːgɛnbøg	1
3263	laɪp	ˈlaebɐ	1
3264	ʔɪnˈlkɛt	ˈʔɪnlɛtts	1
3265	ʁɪŋəʁɪ	ɾɪŋeɾɪnnə	1
3266	metʀoˈnoːm	ˈmɛtɾonomə	1
3267	ʃlafzɑal	ˈʃlafzɛlə	1
3268	ɐˌbɛːɐ	zɛɾbɛɾən	1
3269	ɪlkʀaʊt	elkɾɔøtɐ	1
3270		ɛkstɾɑvʏɾstə	1
3271	lɪçt	ˈlɪçtɐ	1
3272	aːɡɐˌhaʊs	ɑːgɛɾɔøzɐ	1
3273	ə	iːən	2
3274	ɐal	eːɾɛlə	1
3275	ˈgɾamm	moleˈkyːl	1
3276	blɔk	ˈblɔks	2
3277	'tsuːzats	ˈtsuːˌzɛtsə	1
3278	ːnt	ntən	1
3279	ˈʔuːlɑ	ʔuˈlanə	1
3280	ʁɪŋkɡlaːs	ɾɪŋkglɛzɐ	1
3281	oʁdnʊŋ	ɔɾdnʊŋən	1
3282	ʃtʁoːm	ˈʃtʀøːmə	1
3283	ˈvɔʁtlɪstə	vɔɾtˈlɪstən	1
3284	ˌɔʁdnʊŋ	ɔɾdnʊŋən	1
3285	loːp	ˈloːbe	1
3286	ˈfeː.bʁu.aːɐ	fɛbruaɽə	1
3287	a	ˈʔɑːs	1
3288	lɛnts	ˈlentsə	1
3289	ˈmiːnutə	miˈnuːtn	1
3290	us	oɾɑ	1
3291	ˈliːpɑbɐae	liːpɑˈbɐəiːən	1
3292	ˈɡeːɡnˌtsaɪçnʊŋ	gəgəˈntsaeçnʊŋən	1
3293	lap	ˈlɑːbe	1
3294	ʊnʔaphɛŋɪçkaɪt	ʔʊnˈʔaphɛŋɪkˈkəiːtən	1
3295	ʔɑːt	tsaɪçn	1
3296	ʀaŋ	ˈɾɛŋə	1
3297	hypoˈnyːm	ˈhyːponymə	1
3298	ʊmvɛlt	ʔʊmˌvɛltən	1
3299	ɡəˈdaŋkŋˌvɛlt	gədaˈŋkɛnvɛltən	1
3300		ˌn	1
3301	ʔigɛŋka	ˈʔiːgɛŋkɛ	1
3302	l	ə	1
3303	zeʁeˈnaːdə	ˈzeːɾenɑdən	1
3304	ʔaiskaˌfeː	aeskaffəəs	1
3305	haoptˈtoːn	ˈhaopttønə	1
3306	ʏɡɪ	øgɪnnə	1
3307	tiːɐ	ˌtiːʀə	1
3308	ˈdɾae	dɾəiːən	1
3309	øːpnɪs	œbnɪszə	1
3310	mʃaʊplats	ɛnzçaoplɛtsə	1
3311	ˈdɔøʧtymelae	dɔøʧtymeˈləiːən	1
3312	ʀaɪm	ˈʀaɪmə	1
3313	ʁɛçtˈfɛʁtiɡʊŋ	ˈɾɛçtfɛɾtɪgʊŋən	1
3314	maniˈfɛst	ˈmɑːnifɛstə	1
3315	ʃtɔp	ˈʃtɔpps	1
3316	nt	ɛndə	1
3317	ʁnʊŋ	ɾnʊŋən	3
3318	ʀʏkzɪçt	ɾʏkzɪçtən	1
3319	ɔlts	œltsɐ	24
3320	hɔlm	ˈhɔlmə	1
3321	fuːgən	s	1
3322	antiˈdoːt	ˈʔanˌtiːdotə	1
3323	ɪnˌhɪʁn	enɪɾnə	1
3324	ɡʊŋ	gʊŋən	3
3325	ɡa.ʁanˈtiː	ˈgaɽɑntiːən	1
3326	kɔns	ʃtamm	1
3327	poːbakə	ˈpoːbakən	1
3328	at	ɑtə	1
3329	fal	ˈliːne	1
3330	ʒeˈniː	gəˈniəs	1
3331	ʀɪf	ˈɾɪffə	1
3332	ˈpoːlitsae	poliˈtsəiːən	1
3333	yːstnfʊks	ʏstɛnfʏksə	1
3334	tʀeˈzoːɐ	ˈtɾeːzoɾə	1
3335	heːɐt	ˈheːɐdə	1
3336	vitsɛpˈɾəmiːɐ	ˈviːtsɛpɾemiːɾs	1
3337	ʃlaːk	stslɛgə	1
3338	aɪnzatsˌkʀaft	ʔaenˌzatskɾɛftə	1
3339	tsɔʏk	ˌtsɔɪɡə	1
3340	ˌpiːəˈtɛːtlozɪçˌkaɪt	piːtɛtlozɪkˈkəiːtən	1
3341	ʊnft	ʏnftə	16
3342	ɪks	iksə	2
3343	fɔlkspaʁˈtaɪ	vɔlkspaɾˈtəiːən	1
3344	avãˈɡaʁdəˌkʊnst	ˈʔɑːvantgaɾdekʏnstə	1
3345	vɛltsʊŋ	ˌvɛltsʊŋən	1
3346	atvoˈkaːt	ˈʔatvokɑtən	1
3347	ʊntəʀʃlʊpf	ʔʊnˌtɛɾstslʊpfə	1
3348	tˌʃtʊʁm	dstʏɾmə	1
3349	uːʁˌvalt	ʔʊɾvɛldɐ	1
3350	ɡəˈvant	gəˈvɛndɐ	1
3351	dl	tln	2
3352	ˈʔatvɛɾp	ʔatvɛɾˈbiːən	1
3353	təɪsmʊs	ˈtaesmən	1
3354	daˈgoːbɛɾt	ˈdʊk	1
3355	ʁnɪs	ɾnɪszə	1
3356	ɡʀyːnˌʃnaːb	gɾʏnstsnɛbe	1
3357	ʁa(ː)t	ˌʀɛːdɐ	2
3358	almaˌnax	ʔalmɑnaxə	1
3359	vaesbrʊst	ʔɑːmaezɛnvʏɾgɐ	1
3360	halpˈtoːn	ˈhalptønə	1
3361	ɡɔtklasə	gɔttklaszən	1
3362	ʃlɔs	ˈʃlœsɐ	1
3363	ˌmɪnəˈʁaːl	ˈmɪnɐalə	1
3364	ːʃaft	ɾstshaftən	1
3365	ɾɔstflygel	ʔɑːmaezɛnvʏɾgɐ	1
3366	ˈkloːn	kˈloːnə	1
3367	ʁiːt	ˈɾiːdə	1
3368	ʁtˌʃats	ɾtzxɛtsə	1
3369	ˌfavoˈʁiːt	fɑvoˈɾiːtən	1
3370	ʃvaɾtsmaskən	ʔɑːmaezɛnvʏɾgɐ	1
3371	ɡenəˈʁiːʁʊŋ	gəˈnɐiːɐʊŋən	1
3372	koteˈlkɛt	ˈkoːtelɛtts	1
3373	kaɪm	ˈkaemə	1
3374	kaˈraktər	ˈçɑːɾaktɐə	1
3375	ʁʊŋ	ɐʊŋən	4
3376	fɛːɐˈʔaenˌshaos	ˈvɔxenɛntɔøzɐ	1
3377	ʁɛspɔnˈdɛnt	ɾɾɛspɔnˈdɛntən	1
3378	uːp	yːbə	8
3379	ˈklaɪnˌʔoːt	klaenoˈdiːən	1
3380	ɡuːtˌmɛnʃ	gʊtmɛnsçɘn	1
3381	ˈʃvaɾtszeɐae	ʃvaɾtszeˈɐəiːən	1
3382	axt	ˈʔaxtən	1
3383	ɑk	aks	6
3384	ʒãˈdaʁ.mə.ʁi	gəndaɾˈmɐiːən	1
3385	ʁɔʏtɪɡam	rɔøtigɑmə	2
3386	ɐˌvɔʁt	fɛɾvœɾtɐ	1
3387	ˌbeːʁɪʃ	beɾɪʃə	1
3388	ʁauhaus	raoɔøzɐ	1
3389	maːɐ	ˈmɑɾə	2
3390	ʊ	ʏ	17
3391	ˌʃtaŋə	staŋən	3
3392	ɪbɪʃ	ebɪʃə	1
3393	ele'mɛnt	ʔeˈləmɛntə	1
3394	fɪlmstaɽ	ˈfɪlmstaɾs	1
3395	psyçoˈloːɡɪ	ˈpsʏçologɪnnə	1
3396	ɪtˌvɔʁt	etvœɾtɐ	1
3397	dɔst	ˈdɔstə	1
3398	gəˈbraox	ɡəˈbʀɔɪçə	1
3399	iːtˌnaːgə	aednɛge	1
3400	ʀoːza	ɾoːzɑs	1
3401	tsiːl	ˈtsiːlə	1
3402	ʊntɐˈʃɛtsʊŋ	ˈʔʊnˌtɛɾzçɛtsʊŋən	1
3403	aphɛŋɪçˌkaɪt	ʔaphɛŋɪkˈkəiːtən	1
3404	ʔɛɡʏptoˈloːɡɪ	ˈʔɛːgʏptologɪnnə	1
3405	ˈɛʁpsə	ʔɛːɐˈpzən	1
3406	ʊɾxə	uːɐçɘn	1
3407	ann	ɛnnɐ	52
3408	ˈvɛɾp	fɛːɐbəˈn	1
3409	ˌtaɪlʊŋ	tˈtəiːlʊŋən	1
3410	ˈtsaɪtʊŋsˌɛntə	tsaetʊŋˈzɛntən	1
3411	yːsvasɐˌfɪʃ	ʏsvaszɛɾfɪʃə	1
3412	ʊɾts	ʏɾtsə	7
3413	ːχuːt	xˌhuːtən	1
3414	huːf	ˈhuːfe	1
3415	ˈbʁɛnˌvaɪtə	brɛnnˈvəiːtən	1
3416	aʃə	ɑːsçɘn	3
3417	politoˈloːɡɪ	ˈpoːlitologɪnnə	1
3418	pandeˈɪstɪ	ˈpandaestɪnnə	1
3419	əʁɛnˈtsiːʁʊŋ	ˈfɐentsiːɐʊŋən	1
3420	plʏʃ	ˈplʏʃə	1
3421	ɔʃ	osçɘn	1
3422	um	ɑ	36
3423	.jo	jos	1
3424	oɾ	ɔɾs	3
3425	ˈʃiːsɐae	ʃiːˈsɐəiːən	1
3426	æʃbæk	asbaks	1
3427	ɡəˈzamtˌtsaːl	gəˈzamtsɑlən	1
3428	ʁtyʁəʁɪ	ɾtyɾeɾɪnnə	1
3429	anal	ɑːnɛlə	1
3430	ʁaːt	ˈɾɛːdɐ	1
3431	ənbəˌleːɡʊŋ	ɛnbelegʊŋən	1
3432	aːr	ɑɾə	1
3433	noˈtiːts	ˈnoːtitsən	1
3434	kanˈtiːnə	ˈkɑntɪnən	1
3435	ˈdaxˌbo	daˈçbø	1
3436	mʊnt	ˈmʏndɐ	1
3437	yt	ʏts	1
3438	ʁveːɡəʁɪ	ɾvegeɾɪnnə	1
3439	ɡalaˈksiː	gɑlɑˈksiːən	1
3440	ˈʊʁtaɪl	ʔʊɾˈtəiːlə	1
3441	əˌmatə	ematən	1
3442	ɪʃəˈʁaɪ	eʃɐəiːən	1
3443	ʁɪŋkˌʃpʁʊχ	ɾɪŋkspɾʏçə	1
3444	l	ːlə	1
3445	vʁak	ˈvɾakə	1
3446	ʊfˌnaːmə	ofnɑmən	1
3447	tbʁiːf	dbriːfə	1
3448	ʊkə	okən	3
3449	ˈmɛnʃlɪçkaɪt	mɛnstslɪçˈkəiːtən	1
3450	ot	ʊtə	1
3451	ˈaegɛnbrøtelae	aegɛnbrøteˈləiːən	1
3452	maɡˌneːtoˈsfeːʁə	ˈmagnetɔspɛɾən	1
3453	əʁaɪbə	eɾaebən	1
3454	ɡlˌfluːktsɔɪk	gɛlflʊktsɔøgə	1
3455	bɛːɐ	ˈbɛːʀən	4
3456	fʁeˈɡatə	ˈfɾeːgatən	1
3457	ˌeːɐtshɛʁtsoːk	ɛɾtsɛɾtsøgə	1
3458	fɑlflaŋkən	ʔɑːmaezɛnvʏɾgɐ	1
3459	paʁk	ˈpɛɾkə	1
3460	ɔɾx	œɾçə	3
3461	toːt	ˈtoːde	1
3462	meˈtoːdə	ˈmɛtodən	1
3463	baːt	ˈbɛːdɐ	1
3464	en	ɪnə	1
3465	i	ɪs	1
3466	ʀɪçvɔʁt	ɾɪçvœɾtɐ	1
3467	ɡastʃtɛtə	gaststɛtən	1
3468	əm	ɛms	1
3469	ʁtiˈzaːnə	ɾtiˈzanən	2
3470	ɔlɔχ	oːlɔxə	1
3471	aɪniɡʊŋ	əɪnɪgʊŋən	1
3472	ʔas	ˈʔasze	1
3473	ʊsˌɛʁtstɪ	ozɛɾtstɪnnə	1
3474	tsɔʏk	ˈtsɔɪɡə	1
3475	ut	ytə	8
3476	fɛˈlaχɪ	ˈfɛllaxɪnnə	1
3477	ˌpalmə	palmən	1
3478	ʊmˌkeːʀʊŋ	ʔʊmˌkeɾʊŋən	1
3479	sʃtøːrʊŋ	zstøɾʊŋən	1
3480	knɛçt	ˈknɛçtə	1
3481	ɡəˈʃtɛntnɪs	gəˈʃtɛndnɪszə	1
3482	bʀant	ˈbʀɛndə	1
3483	ɛʁʃaft	eːɐˌɾstshaftən	1
3484	ʁʏktʁɪtˌbʁɛmzə	ɾʏktɾɪtbrɛmzən	1
3485	naχ	ʊn	1
3486	ˌkoːlənˈvasɐˌʃtɔf	ˈkolɛnvaszɛɾstɔffə	1
3487	kaːn	ˈkɛnə	1
3488	çaofˈfəuːɐɪ	ˈçaoffɔøɾɪnnə	1
3489	ʃnuːɐ	ˈʃnyːɾə	1
3490	ass	ɛszə	18
3491	zɪŋˈaləsɪ	ˈzɪŋɑlezɪnnə	1
3492	ˈʔaɾbaetɛɾpaɾtae	ʔaɾbaetɛɾpaɾˈtəiːən	1
3493	tsaʊn	ˈtsɔønə	1
3494	ʊsˌaʁtst	ozɛɾtstə	1
3495	kɔnteɾatmiˈɾal	ˈkɔnteɾatmiɾɛlə	1
3496	ʁivoliˈteːt	ɾivoliˈtɛːtən	1
3497	ˈʃmɛtɐlɪŋ	ʃˈmkɛtɐlɪŋə	1
3498	ˌʃtaɪn	zstəɪnə	1
3499	ɐpfaɪfə	zɛɾpfaefən	1
3500	matəˈmaːtikɐʁɪ	ˈmatemɑtikeɾɪnnə	1
3501	pɛntaˈɡʁam	ˈpɛntagɾammə	1
3502	tsɔl	ˈtsœllə	1
3503	lɔɪkoˈtsyːt	ˈlɔøkotsytən	1
3504	aptsvaɪɡʊŋ	ʔapˌtsvəɪgʊŋən	1
3505	ˈaegɛnbrœtlɐae	aegɛnbrœtˈlɐəiːən	1
3506	hɪˈbɪskʊs	ˈhiːbɪskən	1
3507	bɛʁk	ˈbɛʁɡə	1
3508	aːtə	ɑːtən	1
3509	ʁaɪ	rəiː/jə	1
3510	ənɐʁɪ	eneɾɪnnə	1
3511	ˌfʁaʊ	fɾaoən	1
3512	ajɛsˈtɛːt	ɑˈjəsˈtɛːtən	1
3513	ʁɔkənˌdɔk	ɾɔkɛndɔks	1
3514		ekɑmikɑts	1
3515	ʔapk	ʃʏtsə	1
3516	foːɡ	vøge	1
3517	apˌfɔlɡə	ʔapˌfɔlgən	1
3518	ˈleːʀə	leːɐn	1
3519	tɐɡʀʊntˌbaː	ˌtɛɾgɾʊntbɑnə	1
3520	ʀuːətaːk	ɾuːetɑgə	1
3521	reːʔɔʁɡl	ɾeːɔɾgɛln	1
3522	ʃtʊʁts	ˈʃtʊɾtsə	1
3523	pfʊnt	ˈpfʊndə	1
3524	bɔnˈviːfɑnt	ˈbɔnvivants	1
3525	apˌnʊtsʊŋ	ʔapˌnʊtsʊŋən	1
3526	ˌtɔksikoˈloːɡɪ	ˈtoːksikologɪnnə	1
3527	(t)ˌmɔʁt	tmɔɾdə	2
3528	giːlɑ	kɾʊstenɛksə	1
3529	buːx	ˈbyːçɐ	1
3530	dʊk	tyːpɪŋ	1
3531	ʊɾm	ʏʁmɐ	2
3532	ːˌfasʊŋ	faszʊŋən	1
3533	ɛkstsɛˈlɛnts	ʔɛkstsɛlˈlentsən	1
3534	dɛʁbi	ˈdɛɾbys	1
3535	brʊstvartsə	ˈbrʊstvaɾtsən	1
3536	priˈvaːtzaxə	ˈpɾiːvatzɑçɘn	1
3537	ʊŋənˌbaɪn	uːˌŋɛnbəɪnə	1
3538	ʀɔɪtsfaːɐtʃɪf	ɾɔøtsfɑɾtzxɪffə	1
3539	diˈtsioː	ˈdiːtĭoːnə	2
3540	gaɾbɑgə	kɔllɛtstoɾ	1
3541	taːk	ˌtaːɡə	1
3542	ə	ɑ	1
3543	ʁomaˈnɪstɪ	ˈɾoːmɑnɪstɪnnə	1
3544	ɪfoˈʀiː	øfoˈɾiːən	1
3545	s	.sə	1
3546	aloːn	ɑːlɔns	1
3547	ʔɑpastˈɾoːn	ˈʔɑːpastɾɑ	1
3548	lˌman	ɛlmɛnnɐ	1
3549	dɔppelɑˈgɛntɪ	ˈdɔppelɑgɛntɪnnə	1
3550	ːni	nɪs	3
3551	ɐˈklaɪnəʀʊŋ	ːɐˈklaenɐʊŋən	1
3552	ɑp	ɛbɐ	1
3553	ʊŋ	mʊŋən	1
3554	atatoˈniː	ɑtɑˈtoːniːən	1
3555	ʁaːxˌʁoːɐ	ɾaxɾoɾə	1
3556	apaˈtiːt	ʔɑpɑˈtiːtə	2
3557	kaˈniːnçənˌdʁaːt.tsaʊn	ˈkɑːnɪnçɛndɾɑtsɔønə	1
3558	ɾɪçʧˈnuːɐ	ˈɾɪçʧnyɾə	1
3559	ˈʔatjɛktiːf	ʔatjɛkˈtiːfə	1
3560	jubiˈlɛːʊm	ˈjuːbilɛən	1
3561	kʀaʊt	ˌkɾɔøtɐ	1
3562	um	ən	21
3563	ʊsˌzuːxʊŋ	oszʊxʊŋən	1
3564	lʊft	ˈlʏftə	1
3565	ˈhaʊtˌkʁaŋkhaɪt	haotkɾaŋkˈəiːtən	1
3566	nɛʁf	ˈnɛɾvən	2
3567	ats	ɛtsə	98
3568	ˈtʁɔkənhaɪt	tɾɔkɛnˈəiːtən	1
3569	demɔnstˈɾɑntɪ	ˈdeːmɔnstɾantɪnnə	1
3570	ɐˌʃlaːk	ɛɾstslɛgə	1
3571	alt	ɛldɐ	16
3572	ɛlç	ˈʔɛlçə	1
3573	ʃtaʊˈblat	ˈʃtaoblɛtɐ	1
3574	ɡiˈʀafə	ˈgiːɾaffən	1
3575	at	ɛtə	22
3576	zaˈlɛːʁ	ˈzɑːlɛɾə	1
3577	vɪçt	ˈvɪçtɐ	1
3578	fuːs	ˈfyːsə	1
3579	uk	ʊkaozantsygə	1
3580	hɪstoˈɾɪsmʊs	ˈhɪstoɾɪsmən	1
3581	ˌɛksəˈɡeːzə	ˈʔeːksegəsən	1
3582	zuːxə	nzuçɘn	1
3583	dʊft	ˈdʏftə	1
3584	haːn	ˈhɛnə	1
3585	kaʁtoˈɡʁaːfɪ	ˈkaɾtɔgɾɑfɪnnə	1
3586	ʁaɡmɛnˈtiːʁʊŋ	ɾakˈmɛntiːɐʊŋən	1
3587	fiːx	ˈviːçɐ	1
3588	tsuˈzamənˌzɛtsʊŋ	ˈtsuːˌzammɛnzɛtsʊŋən	1
3589	zeneˈgaləsɪ	ˈzeːnegɑlezɪnnə	1
3590	aɪɡʊŋ	əɪgʊŋən	3
3591	apˌɡʁɛntsʊŋ	ʔapgɾentsʊŋən	1
3592	nəʀɪ	fneɾɪnnə	1
3593	vɔllzxal	ˈvɔllzxals	1
3594	maʁkt	ˈmɛɾktə	1
3595	ˈbɛʁkfɪŋk	bəˈɾkfɪŋkən	1
3596	kaf	ˈkɛffɐ	1
3597	ɛʁtsɪnˌfaʁkt	eːɐˌtsɪnfaɾktə	1
3598	ʒãˈdaʁm	gəˈndaɾmən	1
3599	ˈtsaitɡaist	tsaetˈgəɪstɐ	1
3600	ə	nən	15
3601	ɛʁˈtsɛːləʁɪ	ʔɛːɐˈtsɛleɾɪnnə	2
3602	(t)sə	tsən	4
3603	ɐˈfluːχʊŋ	ːɐˈflʊxʊŋən	1
3604	ʔɔɾˈganɪsmʊs	ˈʔɔɾgɑnɪsmən	1
3605	aːnˌpasta	ɑnpastɑən	1
3606	eːkˌʁaɪf	ɛgɾaefə	1
3607	lɪst	ˈlɪstən	1
3608	ʃpats	ˈʃpatsən	2
3609	aek	əɪgə	1
3610	ɐkast	ɾkɛstə	1
3611	tʀaˈbant	ˈtɾɑːbants	1
3612	(t)sə	tsn	4
3613	ʊp(t)ˌman	optmɛnnɐ	2
3614	eʁemoˈniː	ɛːɐəmoːniːən	1
3615	vɔlk	fœlkɐ	1
3616	aːʁəsˌ(ʔ)ɛndə	ɑɾezɛndən	2
3617	ˈtsiaːl	tsialə	1
3618	əlʊŋ	elʊŋə	1
3619	paxt	ˈpaxtən	1
3620	eːzəˌmaχəʁɪ	ɛːzemaxeɾɪnnə	1
3621	ʔøkoˈnoːm	ˈʔøːkonomən	1
3622	ːʁə	ɾən	1
3623	ʔanˌlɑːgə	anlaːɡən	1
3624	yːbɐɡʁɪf	ʔyːbɛɾgɾɪffə	1
3625	ʊx	uçɘn	3
3626	s	dən	3
3627	ɐzə	ʁzən	1
3628	hoˈlʊndɐblyːtə	ˈhoːlʊndɛɾblytən	1
3629	ˌʁe(ː).vo.luˈtsioː	ɾevoluˈtsĭoːnə	2
3630	ʔaʊsɡaŋ	aosgɛŋə	1
3631	hɔl(t)s	ˈhœltsɐ	2
3632	vɪʃ	ˈvɪʃə	1
3633	paŋk	ˈpʊŋks	1
3634	ɔk	œkə	28
3635	ʀɛksˌkɛɐl	ɾɛkskɛɾlə	1
3636	ʃlʊχt	ˈʃlʏçtə	1
3637	ɐˈfyːkbaːɐkaɪt	ːɐfʏkbaɾˈkəiːtən	1
3638	ːɐɡɛlt	ɾgɛldɐ	1
3639	axt	ɛçtə	20
3640	emɑ	əmən	7
3641	aots	ɔøtsə	7
3642	ʀaːtvʊʁst	ratvʏɾstə	1
3643	ənˌdʁaːt.tsaʊn	ɛndɾɑtsɔønə	1
3644	ɡɐˌmʊʃl	gɛɾmʊʃɛln	1
3645	nɑbɛlstsˈnuːɐ	ˈnɑːbɛlstsnyɾə	1
3646	oːm	øːmə	1
3647	tants	ˈtɛntsə	1
3648	ʁə	ɾən	1
3649	halutsinoˌɡeːn	ˈhallutsinogənə	1
3650	aːknkʀɔyts	ɑːkɛŋkɾɔøtsə	1
3651	ɪksə	iːksən	1
3652	ˈtsiant	tsiɑntən	1
3653	naːmə	ˌnɑːmən	1
3654	ʔalbɛɾˈtanɐɪ	ˈʔalbɛɾtɑneɾɪnnə	1
3655	ˈlɛndɐae	lɛnˈdɐəiːən	1
3656	nɜːd	ˈnɛɾdən	1
3657	pɔsˈtɪlə	ˈpɔstɪllən	1
3658	ʀɛçɡəˌzaŋ	ɾɛçgezɛŋə	1
3659	ɐˈmɛsəʁɪ	ːɐˈmɛszeɾɪnnə	1
3660	əmɪ	emɪnnə	1
3661	ˌvanst	tvɛnstə	1
3662	aːʁəsˌtaːk	ɑɾɛstɑgə	1
3663	tʊʃ	ˈtʊʃə	2
3664	ʁnʃtaɪnˌfeːɡɐʁɪ	ɾnstaenfegeɾɪnnə	1
3665	ɡʁiːsˌɡʁaːm	gɾiːzgɾɑmə	1
3666	pˈluːɐalətantuːm	ˈpluːɾɑletantʊms	1
3667	aˈvaːʁɪʃ	ˈʔɑːvɑɾɪʃə	1
3668	ʁaːtzeɪlbaː	ɾɑtzaelbɑnə	1
3669	apˌʃnɪt	ʔapˌʃnɪtə	1
3670	ˌhomoˌɡeniˈtɛːt	homogeniˈtɛːtən	1
3671	okaˈʁiːna	ˈʔoːkɑɾinɑs	1
3672	ˌfɪʃ	fɪʃə	1
3673	aːnənɡəˌzaŋ	ɑːnɛŋezɛŋə	1
3674	taːt	ˈtaːtn	1
3675	ʀɛʃə	rəsçɘn	1
3676	ətɐɪ	eteɾɪnnə	1
3677	kolo	tskoloːs	1
3678	zuːmatɾɑ	nasɔɾn	1
3679	ˈdaːmoklɛsˌʃveːɐt	daˈmɔklɛsstsvɛɾtɐ	1
3680	fɪʃ	ˈfɪʃə	1
3681	kaofmanns	ʔʊnt	1
3682	dʁʊk	ˈdɾʏkə	1
3683	ʊtfaːbə	otfaɾbən	1
3684	ɪs	ezə	1
3685	ˈblaːsɪnstʁuˌmɛnt	blɑzɪnstɾuˈmɛntə	1
3686	buːχs	ˈbʊksə	1
3687	kʁam(p)f	ˈkɾɛmpfə	2
3688	ətaloːn	ˈʔeːtɑlɔns	1
3689	faɾpˈtoːn	ˈfaɾptønə	1
3690	ˌʃʊts	zxʏtsə	1
3691	patʀoˈnyːmikɔn	ˈpatɾonymikɑ	1
3692	bɛt	ˈbɛtn	1
3693	ɡaːbəˌlaɪstʊŋ	gɑbeˈləɪstʊŋən	1
3694	ˈɡʏʁtlˌtiːɐ	gʏɾtɛlˈtiːɾe	1
3695	zaˈʃeː	ˈzaxɛts	1
3696	ʃvaɾtskel	ʔɑːmaezɛnvʏɾgɐ	1
3697	oːma	ʔoːmɑs	1
3698	flaˈnɛl	ˈflɑːnɛllə	1
3699	ɑːpzɪs	apsidən	1
3700	buːk	ˈbuːge	1
3701	ɛnttsvɛk	ʔɛnttsvɛkə	1
3702	o	ɑ	1
3703	ʊk	ʏkə	24
3704	ˈhaɪmtiːɐ	haemˈtiːɾe	1
3705	ʃtʀaɪk	ˈʃtɾaeks	1
3706	ˈmaːlˌpaːɐ	malpɑaɽə	1
3707	oˈvaːʁ	ʔoˈvaɽə	1
3708	ʊŋ	ʏŋə	17
3709		tɑ	11
3710	ˌviːdəʁˈhoːlʊŋ	ˈviːdɛɾolʊŋən	1
3711	aɪlə	əiːlən	4
3712	ɡʁaxt	ˈgɾaxtən	1
3713	ˈhɛktaːɐ	hɛkˈtaɽə	1
3714	ˌʃʊts	zxʊtsə	1
3715	ˈɔʁɡiə	ʔɔɾˈgiːən	1
3716	ˈnɪʃə	nɪsçɘn	1
3717	plaeˈlɪst	ˈplaelɪsts	1
3718	ˈbʀaɪtə	brəiːtən	1
3719	ɡəˈnɪkʃʊs	gəˈnɪkʃʏszə	1
3720	ʀaˈkeːtə	ˈɾɑːkətən	1
3721	ɡɔt	ˈgœtɐ	2
3722	ɛsˌʃtøːʀʊŋ	ʔɛszstøɾʊŋən	1
3723	lˌklasə	ˌtɛlklaszən	1
3724	ˈkʀʊstnˌtiːɐ	kɾʊstɛntiːɾe	1
3725	ʁoːnə	ɾonən	1
3726	ʃtiːɐ	ˈʃtiːʁə	1
3727	ok	øgə	3
3728	əntuːm	ɛntymɐ	3
3729	tuːχ	ˈtʊxə	1
3730	iː/jə	ˌʔiəs	1
3731	ɐˈziːliə	ɛɾˈziːliːən	1
3732	maˈtʁoːzə	ˈmatɾozən	1
3733	afɪn	ʊffɪns	1
3734	ʁiːtɪkɐʁɪ	ɾiːtikeɾɪnnə	1
3735	baɾɾikɑˈdiːɐɐɪ	ˈbaɾɾikɑdiːɾeɾɪnnə	1
3736	ɡʀuːs	ˈgɾyːsə	1
3737	ˈbaɪleːɡʊŋ	bəˈʔiːlegʊŋən	1
3738	aːɐ	ˈaːɾe	1
3739	aˈtoːˌmasə	ˈʔɑːtɔmmaszən	1
3740	kʊɾtsstsˈvants	ˈʔɑːmaezɛnvʏɾgɐ	1
3741	koˈjoːtə	ˈkoːjotən	1
3742	ɑːdɛŋkɾampf	aeŋkɾɛmpfə	1
3743	ɐtuːm	ɛɾtymɐ	1
3744	ɾtə	ʁtən	1
3745	ɾʊxtzɑlɑt	ʀʊxtzaˌlaːtə	1
3746	ɑˈtuːɐ	aˈtuːʀən	1
3747	ʔeːɐdə	eːɐdn	1
3748	hɑpakslegoˈmənoːn	ˈhɑːpakslegomenɑ	1
3749	bɔʁt	ˈbɔɾdə	2
3750	hœkɛɾstsˈvan	ˈhœkɛɾstsvɛnə	1
3751	ˈɡɛltzʊmə	gəˈltzʊmmən	1
3752	ɐˌmaʊs	ɛɾmɔøzə	1
3753	lats	ˈlɛtsə	1
3754	ɐˈzuːx	ːɐˈzʊxə	1
3755	ɪtkapsl	etkapsɛln	1
3756	oːɐˌfaː	ɔɾvɛ	1
3757	ˌʃpʀaːχə	spɾɑçɘn	1
3758	uːk	yːgə	3
3759	ɐ	ʀən	3
3760	zɪçt	ˈzɪçtn	1
3761	manˈdaːt	ˈmandɑtə	1
3762	aːbənˌʃɛndʊŋ	ɑːbɛnzçɛndʊŋən	1
3763	ˈtaːtzaxn	bəˌʃøːnɪɡɛɐ	1
3764	ɡʀaɪf	ˈgɾaefə	1
3765	ə	ɱ	3
3766	aksiˈmiːʁʊŋ	ɑksiˈmiːɐʊŋən	1
3767	ˈɛʁts.apˌtaɪ	ʔɛːɐtsapˈtəiːən	1
3768		ːs	27
3769	ːkʀeːm	tsɾəməs	1
3770	ːbɐ	bɛɾn	3
3771	ʔe	fɔɾm	1
3772	fʊʁts	ˈfʏɾtsə	1
3773	ʁaɪçstaːk	ɾaeçstɑgə	1
3774	hɛʁpst	ˈheːɐˌbʃtə	1
3775	gast	ɡɛstə	1
3776	aʊt	ɔʏtə	1
3777	'maɪnʊŋsfɛɐˌʃiːdnhaɪt	maenʊŋsvɛɾzçiːdɛnˈəiːtən	1
3778	ʃvaʁm	ˈʃvɛɾmə	1
3779	aːdə	ɑːdən	4
3780	ˈkaɾtae	kaɾˈtəiːən	1
3781	dɛʁmatoˈloːɡə	ˈdɛɾmɑtologən	1
3782	ˌvɔʁt	svœɾtɐ	1
3783	ɪsˌdiːlə	esdiːlən	1
3784	ːt	tən	1
3785	fɛl	mfɛllə	1
3786	ɾɔøsə	ʀɔɪsn	1
3787	ɪnˌmɛts	enmɛtsən	1
3788	maːs	ˈmaːsə	2
3789	aksəlˌhøːlə	ʔaksɛlølən	1
3790	depaɾˈtəmɛnt	ˈdeːpaɾtemɛnts	1
3791	ɐˈtsaːkthaɪt	ːɐtsagtəiːtən	1
3792	tsaetʊŋsɾedakˈtəuːɐɪ	ˈtsaetʊŋsɾedaktɔøɾɪnnə	1
3793	ʁɪŋlˌbluːmə	ɾɪŋɛlblumən	1
3794	ʃtant	ˌʃtɛndə	1
3795	ʀaɪf	ˈʀaɪfə	1
3796	ʀaːxət	raxətə	1
3797	sloˈgan	ˈsloːgans	1
3798	aːɐ	ɑaɽə	1
3799	ʃnə	ʔɔʏl	1
3800	klaks	ˈklakzə	1
3801	ʔɛʃ	ɛʃə	1
3802	faʁn	ˈfaɾnə	1
3803	ɪs	ən	1
3804	ˌhɔspiˈtaːl	hɔspiːtalə	1
3805	ɾɪçtszɑal	ˈɾɪçtszɛlə	1
3806	minɪstɛɾpɾɛziˈdɛntɪ	ˈmiːnɪstɛɾpɾɛzidɛntɪnnə	1
3807	ʔeɾɛŋast	ˈʔeɾɛŋɛstə	1
3808	ʊstyːɐ	ostyɾən	1
3809	ːxə	çɘn	1
3810	ʃloːt	ˈʃloːtə	1
3811	manˈzaʁdə	ˈmanzaɾdən	1
3812	aɪntsuːk	ˈʔaenˌtsyːgə	1
3813	ˈduːzelae	duzeˈləiːən	1
3814	ɪbə	ebən	1
3815	ˌɔŋkoˈloːɡə	ˈʔɔŋkologən	1
3816	ɡœʃ	ˈgøːsçɘn	1
3817	oːxdɔʏtʃ	ɔxdɔøʧə	1
3818	ˈbaen	bəˈʔyːnə	1
3819	eːtɪk	ʔɛtikən	1
3820	ˈmoɾə	moːɐn	1
3821	moːnt	ˈmoːndə	1
3822	ˈeːʀikatiːf	ʔɛːɐʔikɑˈtiːfə	1
3823	ɾeˈgɛnt	ˈɾeːgɛnts	1
3824	ˈdaxgəˌʃɔs	daˈçgɛʃɔszə	1
3825	ʀaˈbant	ɾɑˈbɑntən	1
3826	tsox	ˈtsœç	1
3827	ʃpaˈtsiːɐˌɡaŋ	ˈʃpɑːtsiːɾgɛŋə	1
3828	moːdel	viːv	2
3829	ʊmˈɡeːbʊŋ	ˈʔʊmgəˌbʊŋən	1
3830	ˌfɛɐˈklaɪnəʀʊŋsfɔɐm	fɛːɐˈklaeneɾʊŋsfɔɾmən	1
3831	ˈɛntə	ʔɛntən	1
3832	ˈdɛsktop	kɔmˈpjuːtɐ	1
3833	t	dən	50
3834	pfaʊ	ˈpfaoən	1
3835	kataˈlyːzə	ˈkɑːtɑlyzən	1
3836	ɡnaːdənˌʃtoːs	gnɑːdɛnstøsə	1
3837	aːk	ɛːgə	1
3838	ɐˌtsaɪçnʊŋ	ɛɾtsaeçnʊŋən	1
3839	ˈtɾɪkzɐae	tɾɪkˈzɐəiːən	1
3840	knuːst	ˈknʊstə	1
3841	ˌøːkoˈnoːmɪ	ˈʔøːkonomɪnnə	1
3842	ˈɛntsiaːn	ʔɛntsianə	1
3843	ˈja.nu.aːɐ	jɑnuaɽə	1
3844	əʀʊŋ	mɐʊŋən	1
3845	ˈgaɽɪ	ˌgɑːɾɪnnə	1
3846	eːzlsˌʔoːɐ	ʔeːzɛlzoɾən	1
3847	aɪntɔpf	ʔaenˌtœpfə	1
3848	jaxt	ˈjaxtən	1
3849	ʊɡənblɪk	ogɛnblɪkə	1
3850	aˈkaːl	ɑˈkalə	1
3851	ʁˈmiːtəʁɪ	ːɐˈmiːteɾɪnnə	1
3852	ˌkɔpf	kœpfə	1
3853	ɡœtɐˌdɛməʀʊŋ	gœtɛɾdɛmmɐʊŋən	1
3854	ˈflas	bak	1
3855	mɑːke	ʔuːp	1
3856	gaɾtɛnɾɔʧˈvants	ˈgaɾtɛnɾɔʧvɛntsə	1
3857	uːxʃtaːbə	ʊxstɑbən	2
3858	eːɐtshɛʁtsoːksˈhuːt	ʔɛːɐˈtshɛɾtsɔksytə	1
3859	ˌyːbɐˈzɛtsʊŋ	ˈʔyːbɛɾzɛtsʊŋən	1
3860	amt	ˈʔɛmtɐ	1
3861	hɪʁʃ	ˈhɪɾzçə	1
3862	nɔɾdɑmeɾiˈkanɐɪ	ˈnɔɾdɑmeɾikɑneɾɪnnə	1
3863	dɛk	ˈdɛks	1
3864	ˌkaːʁˈzamstaːk	ˈkaɾzamstɑgə	1
3865	klɔps	ˈklɔpsə	1
3866	tsˌtoːt	dstodə	1
3867	nbaŋk	ɛnbaŋkən	1
3868	ɪʃ	isçɘn	1
3869	ʃpiˈtaːl	ˈʃpiːtɛlɐ	1
3870	nˈdɐɪsmʊs	ˈndeːɾɪsmən	1
3871	ʃpɾaxˈpuːɐɪsmʊs	ˈʃpɾaxpuɾɪsmən	1
3872	oːχzɪts	ɔksɪtsə	1
3873	apʃvʊŋ	ʔapˌʃvʏŋə	1
3874	amaˈʁant	ʔɑˈmaɽɑntən	1
3875	zɔlˈdaːtɪ	ˈzɔldɑtɪnnə	1
3876	gəˈzɛll	ɡəˈzɛln	1
3877	ʁˈʃtaːtlɪçʊŋ	ːɐˈʃtaːtlɪçʊŋən	1
3878	ɡəʁɪ	eɾɪnnə	1
3879	ɪˈlyːʁəʁɪ	ˈʔɪllyɾeɾɪnnə	1
3880	ˌkɛʁtsə	kɛɾtsən	1
3881	oːp	ɔps	3
3882	ʃtɔf	ˈʃtɔffə	2
3883	zaŋ	ˈzɛŋə	1
3884	ɾaenˈəiːt	ˈʀaɪnhaɪtn	1
3885	eːnɛʁˈɡiː	ʔenɛɾˈgiːən	1
3886	ʁtɪ	ɾtɪnnə	3
3887	gluːt	ɡluːtn	1
3888	ef	ɛfs	12
3889	mɛnnɛɾfus	fyːsə	1
3890	ɡɛlt	ˈɡɛldɐ	1
3891	ˈaogɛnvɪʃɐae	aogɛnvɪʃɐəiːən	1
3892	ʁˈɡɛltʊŋ	ːɐgəˈltʊŋən	1
3893	ˈtɑːpət	taˈpeːtə	1
3894	ʁˈbaːɐ	ɾˈbaɽən	1
3895	ʁʃlɔx	ːʁʃˌlœçɐ	1
3896	anipuˈliːʀʊŋ	ɑnipuˈliːɐʊŋən	1
3897	viːdɐˈleːɡʊŋ	ˈviːdɛɾlegʊŋən	1
3898	ˈɡlaʊpˌvʏʁdɪçkaɪt	glaopvʏɾdɪkˈkəiːtən	1
3899	taˈlɛnt	ˈtalɛntə	1
3900	aʊsfal	ʔaosˌfɛllə	1
3901	ʀɪs	ˈɾɪszə	1
3902	ut	ytɐ	13
3903	ɔtɐ	ʔɔtɛɾn	1
3904	ɔʁɡaˈnɪstɪ	ˈʔɔɾgɑnɪstɪnnə	1
3905	ˌɔpoziˈtsjoː	ʔɔppoˈziːtĭoːnə	1
3906	ˈʔalfɑ	fɛːɐˈzĭoːn	1
3907	ɡeˈneːtikɐʁɪ	gəˈneːtikeɾɪnnə	1
3908	ɪdəˌveːk	edevegə	1
3909	ʁoˈfiːt	ɾoˈfiːtə	1
3910	ʔatmoˈsfɛːʀə	ˈʔatmɔspɛɾən	1
3911	ass	ɛszɐ	5
3912	ʔuː	boːt	1
3913	kɔɾpoˈɾal	ˈkɔɾpoɾɛlə	1
3914	aʊˈɡʊst	ˈaogʊstə	2
3915	hoːf	ˈhøːfe	1
3916	baʊ	ˈbaotən	1
3917	haeslʊftbalˈloːn	ˈhaeslʊftballɔns	1
3918	aˈmiːliə	ɑˈmiːliːən	1
3919	ːs	əsə	1
3920	boˈliːfiːən	ˈtɾɔpfenɑmaezɛnvʏɾgɐ	1
3921	ɪtʊŋ	øtʊŋən	1
3922	ˈdɔktoːɐ	dɔkˈtoːʁən	1
3923	iəsən	ʊxɛɾblumə	1
3924	ɡeneˈʀaːlˌpʀoːbə	gəˈneːɾalpɾobən	1
3925	zyˈnɛkdɔχe	ˈzyːnɛkdoçɘn	1
3926	ˈkʊkʊkzae	kʊkʊkˈzəiːɐ	1
3927	ɡʀaɪfˌfoːɡ	gɾaefvøge	1
3928	kʁants	ˈkʀɛntsə	1
3929	okaˈʁiːna	ʔoˈkaɽɪnən	1
3930	ɪnˌmɛts	enmɛtsə	1
3931	aˈtuːɐ	ɑˈtuːɐən	1
3932	pɑtiɛntɪ	ˈpɑːtiːntɪnnə	1
3933	ˌzatɛˈliːt	zɑtɛlˈliːtən	1
3934	ɪnzəl	ʔɪnzln	1
3935	çflaʃə	tsflɑsçɘn	1
3936	ɡɔlf	ˈgɔlfə	1
3937	ɛˈʁeːɡʊŋ	ʔɛːɐˈɾeːgʊŋən	1
3938	svɔɾt	vœɾtɐ	1
3939	taɪç	ˈtaɪçə	1
3940	ʃtant	ˈʃtɛndə	1
3941	oːs	ən	1
3942	ʔomɪkˈɾoːn	ˈʔoːmɪkɾɔns	1
3943	ˈkoːmik	fiˈɡuːɐ	1
3944	kʰoːl	ˈkoːlə	1
3945	ˈɡeːɡənt	gəgəˈndən	1
3946	oː	i	1
3947	apˌɡaŋ	ʔapˌgɛŋə	1
3948	ənˌkʀeːm	nɛntsɾəməs	1
3949			0
3950	one summarizing changes...
		0
